filename,complexity,diversity,productivity
A1_a_good_nights_sleep.txt,4.098337049187463,2.683214017870542,1.4398493546173265
A1_a_request_from_your_boss.txt,2.5259408981287774,1.9518007138844744,1.210933450594371
A1_a_voicemail_message.txt,4.373980677738105,2.5055802517758603,1.7236148524151764
A1_A2_episode_01_they_meet.txt,1.1946795910403796,1.0401128127343753,1.1163095238095238
A1_A2_episode_02_toms_party.txt,1.4366036960264452,1.0777260406350293,1.198758303200597
A1_A2_episode_03_what_do_you_doing.txt,1.4223058179600683,1.1976328050802245,1.1039658750321641
A1_A2_episode_04_where_are_you.txt,1.7129605381322466,1.2939988197249408,1.1895846578360707
A1_A2_episode_05_speaking_or_eating.txt,1.4385127244306215,1.161525411827113,1.1393025283449032
A1_A2_episode_06_ill_pay.txt,1.9924553846142183,1.618043688151567,1.1672266014366428
A1_A2_episode_07_race.txt,1.6479096356758034,1.3206985772193303,1.173090563346257
A1_A2_episode_08_brown_bread.txt,1.4700391431024602,1.2543042054164557,1.1264058956916103
A1_A2_episode_09_family_photos.txt,1.2537682867947788,1.123253037363672,1.057638888888889
A1_A2_episode_10_sportsman.txt,1.6534465637654028,1.4160792125298727,1.1072642903901297
A1_A2_episode_11_what_time_it.txt,1.6663672303861314,1.3003381770910334,1.1983136437263704
A1_A2_episode_12_old_friend.txt,1.5185620207905905,1.2180792871358066,1.19609169591883
A1_A2_episode_13_horoscopes.txt,1.7860506725448515,1.413937222380361,1.1605908650356787
A1_A2_episode_14_can_you_speak_french.txt,1.8739157434701066,1.6001857804333364,1.1361718208057892
A1_A2_episode_15_there_campsite.txt,2.3699959714474765,1.8354440766599536,1.2126678507341566
A1_at_the_library_giving_personal_information.txt,1.0714363133643086,0.9952817143773356,1.0396240625180289
A1_band_auditions.txt,1.8344801240910569,1.4124942021136504,1.2174739903679568
A1_booking_a_table.txt,1.78386090554984,1.264650918169568,1.2000537324800136
A1_business_cards.txt,3.1805724291580146,2.0965475454377795,1.3620213394180087
A1_describing_people.txt,2.558803837441394,2.0012160247320123,1.2861796995587982
A1_finding_the_library.txt,1.613360741429608,1.1927986644727806,1.2293947248286288
A1_first_day_at_school.txt,0.9487119776139351,0.9487119776139351,1.0555555555555556
A1_getting_an_ID_card.txt,1.6865975993751787,1.3691432251740314,1.2343888156132106
A1_interview_with_a_swimmer.txt,3.2883873498046072,2.1677567836913965,1.3503781291090837
A1_introducing_a_friend.txt,1.3791479170272447,1.2729825003365396,1.06
A1_inviting_someone_to_the_cinema.txt,2.0862098830940026,1.5591185591706782,1.2050884697768334
A1_meeting_a_new_team_member.txt,2.205045100414447,1.8053213999647875,1.148392382509774
A1_meeting_other_students.txt,1.9932103569634327,1.6494058873985653,1.144932619491617
A1_meeting_people_at_dinner.txt,1.2123530106216769,1.1363641326551668,1.0655172413793104
A1_online_safety_conversation.txt,2.167171402325159,1.7188181182111975,1.1764202097397138
A1_ordering_food_in_a_cafe.txt,2.408249320653963,1.8045719163173881,1.2265288244227908
A1_ordering_in_a_cafe.txt,2.1133823152873776,1.533543311951946,1.2565116866371016
A1_organising_a_group_project.txt,2.471433810381552,1.9653613014634044,1.169947270870752
A1_shopping_for_clothes.txt,1.3791794762206449,1.174168322691559,1.1577922077922078
A1_study_tips.txt,2.2220434647191203,1.8388535022667551,1.1843862734487736
A1_the_first_english_class.txt,3.693969107273972,2.4076576548819024,1.4737028166945443
A1Movers_1_1.txt,1.8824105240867084,1.5646563668272127,1.1603942721200686
A1Movers_1_2.txt,1.967259221479975,1.5286285506606225,1.1839689201854795
A1Movers_1_3.txt,2.5012876871032095,1.9280933184360285,1.222698274377663
A1Movers_1_4.txt,2.078544751652065,1.6104167312470565,1.1837354527344768
A1Movers_1_5.txt,1.8005187659432742,1.3609909512579197,1.1892439738350544
A1Movers_2_1.txt,1.9341758109920375,1.614163684303693,1.1174642004462572
A1Movers_2_2.txt,2.7324661941103234,2.0158837055143315,1.2729407918310425
A1Movers_2_3.txt,2.2521402351375235,1.8402111191882098,1.1840692754766322
A1Movers_2_4.txt,2.323832562044654,1.7849360820169067,1.2327458060694552
A1Movers_2_5.txt,1.5026420039774364,1.235232138582835,1.1406958324009504
A1PreStarters_1_1.txt,1.8006000825550035,1.5147754497632977,1.1494142101284957
A1PreStarters_1_2.txt,1.3878030168457962,1.142793504796514,1.1711096974787727
A1PreStarters_1_3.txt,2.0593172443363574,1.6818913143022138,1.146310327180985
A1PreStarters_1_4.txt,1.6962944075536028,1.2872462907858588,1.1766348795677366
A1PreStarters_2_1.txt,1.686203315015837,1.4540253050539451,1.1027486561297333
A1PreStarters_2_2.txt,1.7941907004340165,1.5100756677294822,1.1478932010260747
A1PreStarters_2_3.txt,1.7169592639060234,1.4972597010645907,1.1732768972764636
A1PreStarters_2_4.txt,1.3894074400316443,1.1308042035567605,1.1721854383925268
A2_a_morning_briefing.txt,4.8649463077460755,2.837987157111534,1.5767636923376338
A2_an_invitation_to_a_party.txt,3.6438311874802625,2.494399609957962,1.3945838722518644
A2_B1_one_day_i_will_lagos.txt,3.5646743924222877,2.3932042971591327,1.37353917127736
A2_B1_podcasts_episode_02.txt,3.273661880244562,2.123373228132639,1.352461970600502
A2_B1_podcasts_episode_03.txt,3.8284417453015736,2.490871290163536,1.4022871669201096
A2_B1_podcasts_episode_04.txt,3.1989440262309103,2.1125526850235454,1.3523552041203966
A2_B1_podcasts_episode_05.txt,3.3326769579189826,2.206454390871481,1.366861377377913
A2_B1_podcasts_episode_06.txt,3.296746528228245,2.1739753663850845,1.3694745553158418
A2_B1_podcasts_episode_07.txt,3.377833881911652,2.235532011146016,1.3599947773324992
A2_B1_podcasts_episode_08.txt,3.5246520133452823,2.3397280309356443,1.3662707001227266
A2_B1_podcasts_episode_09.txt,3.4438995540086332,2.312650609298297,1.3470800918889603
A2_B1_podcasts_episode_10.txt,3.2541834792178994,2.1210463171556264,1.3625548401379988
A2_B1_were_superhumans_rio_paralympics_2016.txt,4.193771478405528,2.6543899964602984,1.4358918357421442
A2_changing_a_meeting_time.txt,2.6751301010141106,1.854327020058341,1.2841811301700232
A2_changing_plans.txt,1.797740534131848,1.410191393311596,1.136717973932863
A2_eating_out.txt,2.145145841352016,1.733997679477026,1.1604463548821515
A2_facts_and_figures.txt,5.830098572668071,3.415498464903708,1.662047215663486
A2_four_conversations.txt,2.333333559764388,1.722107367734616,1.214522982264951
A2_free_time.txt,2.5092786246355,1.7093855436041376,1.2813267727543989
A2_giving_directions.txt,3.347700853627589,2.2589805639950975,1.4649658611147789
A2_going_to_the_cinema.txt,2.5162762938948573,1.9220256132770228,1.19440263035703
A2_instructions_for_an_assignment.txt,4.411379334518928,2.8153377746971633,1.5306902883788416
A2_leaving_a_message.txt,2.292429329671535,1.3592318577452671,1.4854239962303804
A2_missing_a_class.txt,2.526013479431334,1.8151918997532703,1.3225192876955303
A2_podcasts_episode_01.txt,3.468822454476051,2.2381421923098666,1.3972950518875422
A2_shopping_for_clothes.txt,2.227360508053257,1.5919927947628825,1.236463815889253
A2_stop_wasting_time.txt,2.035197547836685,1.4687562502184488,1.1801223104201657
A2_survivor_episode_1_finding_jane_a2.txt,1.7548447314480022,1.3988411333645832,1.1791744921138305
A2_survivor_episode_2_wake_soon_a2.txt,2.1587659407263455,1.7012460841878219,1.205549975841408
A2_survivor_episode_3_coincidence_a2.txt,1.9014578887096374,1.5157144412581385,1.1972481853183576
A2_survivor_episode_4_run_a2.txt,2.3694823741552944,1.8014901542804562,1.2349774778244342
A2_survivor_episode_5_youre_awake_a2.txt,1.883204648615861,1.452197224028408,1.2093265988735766
A2_survivor_episode_6_caught_a2.txt,2.1081232054599286,1.6464470931105588,1.1955073609462494
A2_taking_notes.txt,2.522024832127233,1.90492865281157,1.1988309295875441
A2_tour_of_london.txt,4.395591553939471,2.617052944186716,1.4912632657789142
A2_trains_and_travel.txt,2.3887846602668987,1.791846038206938,1.248063398274472
A2_transport_announcements.txt,4.548964301509963,2.8079198654599256,1.581430229789891
A2_travelling_abroad.txt,5.172261438541195,2.9461780017979162,1.6142277200346449
A2_understanding_an_explanation.txt,2.977263911162785,2.0918506809499946,1.3468455205815135
A2_using_colours_to_do_homework.txt,4.213870354015175,2.9419112413466197,1.3840370077360253
A2_weather_forecast.txt,4.527794653531884,2.8230419735700316,1.552943917040286
A2_whos_who_in_the_office.txt,2.96055303961615,2.1736781769148674,1.2854369229623104
A2_work.txt,4.797566027476773,3.1170906173510713,1.5048810856700099
A2Flyers_1_1.txt,2.0522471874909,1.7214079082065297,1.1395186224552871
A2Flyers_1_2.txt,3.2221123419630677,2.341386207902785,1.3422432118529843
A2Flyers_1_3.txt,2.9165174666799296,2.1006473188335906,1.3057468729756918
A2Flyers_1_4.txt,2.752152165665959,2.154785633176496,1.1771045585023028
A2Flyers_1_5.txt,2.013855894983215,1.4343892257421116,1.246383406119345
A2Flyers_2_1.txt,2.3548538591780352,1.8150784789039067,1.2065607777433607
A2Flyers_2_2.txt,2.380473750897701,1.956319903190385,1.1721238815354726
A2Flyers_2_3.txt,3.009343383800385,2.1358721727820043,1.2882883681753994
A2Flyers_2_4.txt,2.4199374712257287,1.9355946496895144,1.1889865327261697
A2Flyers_2_5.txt,1.7995609006265774,1.4273084615018612,1.1381790541812866
A2Key_1-5.txt,2.966709249798395,2.2769561536850067,1.246310860568898
A2Key_6-10.txt,6.099269598213548,3.662402418024622,1.628629488447711
A2Key_11-15.txt,2.926832974223754,2.0763409589115676,1.2483043009041606
A2Key_16.txt,2.5252308129984207,1.9194673008077183,1.1968684616025642
A2Key_17.txt,4.5740080185212,3.205757280269126,1.3790198602870196
A2Key_18.txt,3.886316587205058,2.4137337304678064,1.4703567422476738
A2Key_19.txt,4.631495005103968,2.850558264642755,1.5602599057834527
A2Key_20.txt,3.4413027395967317,2.5875278688499073,1.2578634114808696
A2Key_21-25.txt,3.2311372322161156,2.372015194366108,1.2631093006136982
A2KeySch_1.txt,3.8622136733060572,2.9147214932094903,1.2744155844155844
A2KeySch_2.txt,2.9685056190723142,2.244892216809446,1.2397308287575524
A2KeySch_3.txt,2.6543653859200314,2.1459167010147975,1.1586782861292666
A2KeySch_4.txt,3.4203554377882757,2.4894320786873063,1.3494873579791302
A2KeySch_5.txt,2.867954888598017,2.237992844974331,1.1841117991479257
A2KeySch_6-10.txt,5.62876382438998,2.949569798871314,1.8600915742804445
A2KeySch_11-15.txt,3.7423384221910796,2.456592774015611,1.3818149951242056
A2KeySch_16.txt,4.586924530772286,3.075215095520423,1.4311841801847038
A2KeySch_17.txt,4.199382664467504,2.721698422989798,1.4019344081346032
A2KeySch_18.txt,3.102259077948694,2.256193354232922,1.3845411262815996
A2KeySch_19.txt,2.3067178399141604,1.8345608678189453,1.1794152133597569
A2KeySch_20.txt,3.059627212094048,2.084620700327058,1.3380003066596595
A2KeySch_21-25.txt,3.18429191626373,2.586790817894496,1.180663567203771
B1_11_things_you_never_knew_about_elephants.txt,3.0991000707766783,2.329431577727886,1.280713340354315
B1_a_phone_call_from_a_customer.txt,2.857264862641694,2.023203776322333,1.2773577555532518
B1_a_student_discussion.txt,3.797965247884608,2.521419272284747,1.4274276364367595
B1_a_team_meeting_about_diversity.txt,4.328114666224853,2.625188327741502,1.4614081366709786
B1_a_weather_forecast.txt,6.718731746673168,3.5123547227899334,1.8335216534141037
B1_advice_for_exams.txt,3.892308468404162,2.6118230059249323,1.4500369096528374
B1_amazing_facts.txt,3.481269636492475,2.321303208846801,1.3989500330791003
B1_an_interview_about_listening_skills.txt,5.351348747595989,3.175485167043192,1.5848561718270262
B1_an_introduction_to_a_lecture.txt,5.279259548995787,3.1604109277695462,1.599035845754351
B1_arriving_late_to_a_class.txt,1.6048502636030935,1.226260911674877,1.1667648608083638
B1_at_the_chemist.txt,1.8606759506842443,1.6167606820778835,1.100816924613477
B1_B2_animals_scene_1.txt,1.8535527083870509,1.4381479001147162,1.2021122048871866
B1_B2_animals_scene_2.txt,2.1847151331351062,1.5956970823109897,1.2311399225859259
B1_B2_art_scene_1.txt,2.74609331927011,2.060145835488121,1.253413348545533
B1_B2_art_scene_2.txt,2.1219397258458685,1.7561550250054847,1.165476786792415
B1_B2_bestival_scene_1.txt,2.561756821199069,1.9197183764724006,1.2444343257080963
B1_B2_bestival_scene_2.txt,2.321568455218505,1.8368080734219852,1.2056806602624197
B1_B2_big_meal_scene_1.txt,2.91089959142119,2.021050072039521,1.3261565097869605
B1_B2_big_meal_scene_2.txt,2.3207118110226688,1.7894824175118125,1.22824351610767
B1_B2_black_holes.txt,6.707897854623523,3.6514574899790766,1.772290839517631
B1_B2_bonfire_night.txt,5.158074055284787,3.279260908237224,1.5429830886339893
B1_B2_british_weather.txt,4.903412467407461,3.0262408575421396,1.5409762940989353
B1_B2_christmas_gift_experiment.txt,1.666497304553879,1.3409234068356823,1.2427436532254104
B1_B2_christmas_scene_1.txt,2.800637176313905,2.020955150942071,1.2713919244412204
B1_B2_christmas_scene_2.txt,2.6492787055524056,1.9340744266664909,1.3116487441372315
B1_B2_christmas_shopping.txt,4.45088758836804,2.8950258502889303,1.4530531165832066
B1_B2_classic_british_car.txt,4.632754888280982,2.896234717540845,1.4936818818459139
B1_B2_climate_change_why_does_15degc_matter.txt,6.093759763757992,3.4599153758634613,1.6661460544698092
B1_B2_day_around_london.txt,6.265869190562523,3.526225278853154,1.7353166647593243
B1_B2_day_life_10_year_old_roman_britain.txt,3.3418291507543167,2.0551884962375735,1.4399473702546464
B1_B2_doctor_day_rapper_night.txt,6.001258712716454,3.2863073083849708,1.682677350259603
B1_B2_eating_insects.txt,4.081996555910744,2.657897925406234,1.4493136742198898
B1_B2_feeling_hot_hot_hot.txt,4.529829179172249,2.90684279130031,1.4464380764571303
B1_B2_five_ways_spot_fake_news.txt,4.31160589634009,2.6823846637644264,1.5441041052374762
B1_B2_flathunting_scene_1.txt,2.334751380001502,1.7893390482433094,1.2046052290244273
B1_B2_flathunting_scene_2.txt,2.1562567036088884,1.756483344219204,1.1799571943402745
B1_B2_food_britain.txt,3.931535319225077,2.519029253161659,1.473782301729968
B1_B2_girl_can.txt,2.340237207107523,1.5683351492643824,1.344886594535105
B1_B2_halloween_scene_1.txt,2.685089516641814,2.057089876698937,1.219865411319089
B1_B2_halloween_scene_2.txt,2.2561788232193996,1.6653586857905023,1.2545334213710806
B1_B2_he_named_me_malala.txt,3.3659140785359094,2.465347148827808,1.310080288801452
B1_B2_heritage_tourism.txt,5.098051583169365,3.1695782109333646,1.5393568924285206
B1_B2_homes_future.txt,4.824730023114981,2.9551563194123016,1.559267715898021
B1_B2_how_are_easter_eggs_made.txt,4.886000081750655,2.9818431340546736,1.4993314462783955
B1_B2_how_can_more_women_get_politics.txt,5.1843384635143765,3.301738916547427,1.494353365442671
B1_B2_how_christmas_trees_are_made.txt,6.880747675350685,3.618837436379638,1.8134861056832492
B1_B2_how_do_backspin.txt,5.738083587566818,3.4219718122214147,1.6113685620129081
B1_B2_how_do_bubbles_work.txt,4.6088052525695495,2.8470119268459313,1.4792509790697193
B1_B2_i_it_safer_internet_day_song.txt,4.7383737360547356,2.9609693009939995,1.5083998977289386
B1_B2_indoor_sports_scene_1.txt,3.0268180191996263,2.282055204623346,1.2508982453382784
B1_B2_indoor_sports_scene_2.txt,2.6530789327667086,1.9453419979539701,1.2492846602267322
B1_B2_influencers_making_difference_tiktok.txt,5.185686819010817,3.278976353216916,1.5049132272628907
B1_B2_international_womens_day_challenge.txt,6.408002239283951,3.4481013412108297,1.7160380849747168
B1_B2_ive_experienced_bullying.txt,3.452168442236793,2.5024633562859444,1.3240500856735509
B1_B2_joe_wicks_blue_peter_workout.txt,3.4156763640946974,2.058807247923496,1.4302752410171817
B1_B2_let_it_happen_three_dutch_dancing_sisters.txt,4.515874436894801,2.8054824547688364,1.4380371905316496
B1_B2_londons_theatreland.txt,4.661386243568719,2.9670023919910915,1.4939874028443627
B1_B2_my_strange_encounter_wild_pig.txt,5.994003500241407,3.4862677158338298,1.6416431738788249
B1_B2_northern_ireland_scene_1.txt,3.3786554358190215,2.3568485451018706,1.3414349331368023
B1_B2_northern_ireland_scene_2.txt,2.947356326337443,2.128343264704803,1.2893213924916787
B1_B2_northern_irelands_street_art.txt,5.351220617491409,3.309773584601254,1.5830062765911377
B1_B2_one_mans_walk.txt,3.5391767444407938,2.562172872553822,1.349087301465658
B1_B2_paris_scene_1.txt,2.5014679758353977,1.856105675491721,1.285112055694738
B1_B2_paris_scene_2.txt,2.8292874778702615,2.056634399282626,1.3130537714964523
B1_B2_pop_galleries.txt,4.180207939983286,2.7191459550086,1.4323104099839052
B1_B2_record_breaking_skydive.txt,6.057376088770507,3.319470366707734,1.7299044675330708
B1_B2_shakespeare_hamlet.txt,6.012123269298054,3.555455878655109,1.656363650259368
B1_B2_shakespeare_macbeth.txt,6.025577291734122,3.6557110766127026,1.6351945370670504
B1_B2_shakespeare_much_ado_about_nothing.txt,6.156512309201687,3.6429432974423364,1.6501320924442016
B1_B2_shakespeare_romeo_juliet.txt,6.62733899178264,3.7540971435065704,1.7366152894233684
B1_B2_shakespeare_scene_1.txt,2.761837318066845,2.1027244140628847,1.2184294638946132
B1_B2_shakespeare_scene_2.txt,2.591188427589522,1.8841829230945732,1.2685900598751223
B1_B2_shakespeare_tempest.txt,5.851426772346394,3.6528086920385694,1.5750549213216285
B1_B2_social_media_good_you.txt,6.749513229642634,3.6211256699961534,1.83790517674071
B1_B2_space_tourism_are_we_one_step_closer.txt,8.175118681205435,4.109873688460796,1.9774083703566327
B1_B2_superjam_set_make_teenager_millionaire.txt,6.172287468688993,3.5550009348809892,1.7859635450714075
B1_B2_what_ramadan.txt,4.115090930485852,2.7879600375970264,1.3757099947192741
B1_B2_wild_animals.txt,4.48159811819265,2.8371250008364317,1.4537746380454084
B1_B2_world_water_crisis.txt,4.450952359622632,2.723118598930881,1.5342428262577832
B1_B2_york_scene_1.txt,2.5317469890032642,1.8995509507761104,1.22994162826003
B1_B2_york_scene_2.txt,2.5018896359036136,1.8030828446153728,1.2381838749507703
B1_B2_youre_hired_episode_01.txt,3.3187311649036286,2.282991723977978,1.334731363108845
B1_B2_youre_hired_episode_02.txt,3.4535349653122567,2.20514324072712,1.3684150049347639
B1_B2_youre_hired_episode_03.txt,3.5316652828441306,2.311558594324416,1.4528298449911938
B1_B2_youre_hired_episode_04.txt,3.068387910461353,2.112933385748492,1.321289624725342
B1_B2_youre_hired_episode_05.txt,4.182639683220514,2.8024808964977588,1.4434387173570464
B1_B2_youre_hired_episode_06.txt,3.5698027748322425,2.3010253059701924,1.3705220493916372
B1_B2_youre_hired_episode_07.txt,3.0509832143841025,2.154459526937636,1.2676886865617716
B1_B2_youre_hired_episode_08.txt,3.324751682475024,2.285218088145655,1.3401276547462104
B1_B2_youre_hired_episode_09.txt,3.6674848010974612,2.3944322481725866,1.3379128424737317
B1_B2_youre_hired_episode_10.txt,3.044416743571459,2.25742791720836,1.263214601690639
B1_B2_yusra_mardini_young_refugee.txt,3.4578401526006948,2.5411820254658117,1.2948227225728923
B1_B2_zero_g_flight.txt,5.653596226615215,3.263605914488701,1.671890018771956
B1_blackpool_scene_1.txt,2.940194308720442,2.0850902288954414,1.293190627969458
B1_blackpool_scene_2.txt,3.074072377819517,2.1943365832470105,1.2994517893935364
B1_british_pub.txt,4.458381188787185,2.889522900554651,1.5108148957662164
B1_camden_fashion.txt,4.852099809613258,2.988816668668271,1.5671197000951935
B1_camden_scene_1.txt,2.86994321966022,2.014967101654828,1.2974964707574286
B1_camden_scene_2.txt,2.2895824145976573,1.7931068815315228,1.1921525391588075
B1_celebrations.txt,5.808775734072291,3.5433766991785385,1.6115045458155248
B1_chatting_about_a_series.txt,3.8978575188391766,2.4997215604563214,1.3962788745512107
B1_city_london.txt,3.884763850917044,2.6106054685505615,1.4035742775162934
B1_dating_scene_1.txt,2.947736327776718,2.140639232962298,1.2894468846851235
B1_dating_scene_2.txt,2.4067041287810036,1.8393591883700022,1.2354179298685057
B1_difficult_situations.txt,2.8522124581942823,1.9959538219407709,1.3546376211504867
B1_education_scene_1.txt,2.921539807050678,2.0892248595519636,1.2669165583694995
B1_education_scene_2.txt,2.4336267610449283,1.8832187140433414,1.2293420518763802
B1_english_history.txt,4.704711263740366,2.981722896513065,1.5029591808322795
B1_extreme_sports.txt,5.071342638620628,3.1168101877786882,1.5462868926971733
B1_farming_scene_1.txt,1.865697305146499,1.4901575696644125,1.1569437777984504
B1_farming_scene_2.txt,2.0101595290085554,1.627428394389303,1.1470461292078888
B1_favourite_things.txt,5.322050438019146,3.213201069132594,1.5816155164108006
B1_four_nations.txt,5.307568028313029,3.211220636233426,1.6150587909274927
B1_history_scene_1.txt,2.314523083574796,1.6729747938109139,1.3100813201136887
B1_history_scene_2.txt,2.3728596011813505,1.807575616024833,1.281067090434842
B1_hospital_scene_1.txt,1.9270700267054055,1.496650151701147,1.18204977699655
B1_hospital_scene_2.txt,2.0714753601756972,1.5240921361531834,1.2443558465759255
B1_ice_cream.txt,3.506087889084308,2.248718057728928,1.3894499630987458
B1_important_people.txt,5.499529685261361,3.3597035166576554,1.6023765548861373
B1_jobs_scene_1.txt,2.22735522752852,1.6679045679399098,1.2225973149289835
B1_jobs_scene_2.txt,2.718791803196376,1.972107689811263,1.293106500148196
B1_learn_how_manage_your_time_zack.txt,4.5751551409378,3.068954012817414,1.4676160008339902
B1_live_music.txt,5.646240387700566,3.3377594786993194,1.6353413201855491
B1_llamas.txt,3.9231367783248685,2.622081202623025,1.4163268753135918
B1_loch_ness_scene_1.txt,3.2681141349059946,2.3372547360550064,1.322963842764797
B1_loch_ness_scene_2.txt,3.1839587963164298,2.1247386814235174,1.3142045610067674
B1_making_a_decision.txt,3.576532117844067,2.432877547591915,1.3669623285912755
B1_marathon_running.txt,4.762682260194293,2.83234702349169,1.5515168853836092
B1_meeting_an_old_friend.txt,1.7572399736388407,1.3737886283917757,1.1756831038948774
B1_multicultural_britain.txt,5.076792939626072,3.117476429428786,1.5765958889626337
B1_murder_mystery_scene_1.txt,2.3607315616921087,1.7589249077958515,1.2360683709897167
B1_murder_mystery_scene_2.txt,2.4685321537804366,1.7688639669023452,1.2705245501981528
B1_music_scene_1.txt,2.750371220636853,2.083576948946158,1.261776729885405
B1_music_scene_2.txt,2.242785894837114,1.7079812868179665,1.2285516050991867
B1_my_favourite_film.txt,6.57198519645905,3.633783429229815,1.7580816096714844
B1_my_son.txt,6.88748844322908,3.8263865113655005,1.7239160818722485
B1_night_out_scene_1.txt,2.4482716809093965,1.8194248377919235,1.2404296637714933
B1_night_out_scene_2.txt,3.2951526920762624,2.4276272977374487,1.286178294989244
B1_notting_hill_scene_1.txt,2.896724069359823,2.1279148435309243,1.2946796270845708
B1_notting_hill_scene_2.txt,2.8332849798432953,2.020408518571658,1.2671249971509226
B1_organising_your_time.txt,4.354629183828429,2.760638406030534,1.4625203408984562
B1_oxford_scene_1.txt,2.1264575914953308,1.5878355227580865,1.1996274149754016
B1_oxford_scene_2.txt,2.28493350735567,1.660936490793547,1.1833927152644652
B1_oxford_university.txt,4.513176271641903,2.790261895749559,1.4670131460531122
B1_paramedics.txt,5.261758548109524,3.039363347221877,1.6260934635679436
B1_seaside_entertainment.txt,5.187048543751051,3.0877797719605797,1.6021454897571876
B1_sherlock_holmes.txt,5.323100548615373,3.138806784052539,1.6336911252680284
B1_snowdon_scene_1.txt,2.5103678943511287,1.8532283675506156,1.2886414937486026
B1_snowdon_scene_2.txt,2.559454502708724,1.8438740684756747,1.2752135704567924
B1_social_media_revolution.txt,4.596234991992217,2.6830734210391802,1.5183108426397254
B1_social_media_scene_1.txt,2.9776513828543014,2.159963391476564,1.2624712363937014
B1_social_media_scene_2.txt,2.6882970571435245,1.9241120296660599,1.2732149614930686
B1_sport_scene_1.txt,2.8048326056506343,2.0762448608229707,1.2859372791104569
B1_sport_scene_2.txt,2.083108585543046,1.6440649388548607,1.1884663152926374
B1_sports_centres.txt,5.56627961195847,3.2488600216865993,1.599905729841539
B1_starting_business.txt,5.439364996522571,3.245967910968512,1.6016737512539245
B1_study_trip_uk.txt,6.1432815540758465,3.603342893593403,1.6530413122117653
B1_survivor_episode_1_finding_jane_b1.txt,2.5631981134138693,1.8445633078478756,1.2535779659426602
B1_survivor_episode_2_wake_soon_b1.txt,2.6605385275337397,1.9662339486932188,1.2944495826004243
B1_survivor_episode_3_coincidence_b1.txt,2.147351844642914,1.6228289229544433,1.2235157620876056
B1_survivor_episode_4_run_b1.txt,2.643617332094251,1.9240097954266275,1.2809250720212202
B1_survivor_episode_5_youre_awake_b1.txt,2.1627040805617854,1.6177284142652923,1.2187019468637916
B1_survivor_episode_6_caught_b1.txt,2.3186613897475765,1.7369721142777512,1.2280307082546014
B1_the_weekend.txt,3.3290858467325157,2.4140619270853887,1.321696893472926
B1_theme_parks.txt,4.041772640926257,2.5356438346524626,1.4621033866512578
B1_transport_travel_scene_1.txt,2.4949513899904128,1.8825898598787212,1.2518996587894884
B1_transport_travel_scene_2.txt,2.9094367303650186,2.182543566261524,1.261862728394116
B1_turning_plastic_waste_art.txt,4.716817920483759,2.9054775367904666,1.506413382879852
B1_wedding.txt,4.7637623400293405,2.7852572781818776,1.5598453503870142
B1_womens_football.txt,5.169644986156515,3.2935378799810278,1.5074482937433407
B1_work_life_balance.txt,4.724402257631475,2.8039691498259867,1.4859889514964597
B1_working_fashion.txt,5.764872699796811,3.3588133426250546,1.6133982342372633
B1Bus_1_1-8.txt,4.340396537095666,2.858355857866005,1.409437070745257
B1Bus_1_9-15.txt,3.0494771908315026,2.0445443414416733,1.309151651677521
B1Bus_1_16-22.txt,7.419595433627961,4.020199111516773,1.8041624451052376
B1Bus_1_23-30.txt,4.101541965480503,2.6980398651521393,1.416363075815677
B1Bus_2_0-8.txt,3.571834800069314,2.37861241844822,1.3454981855371342
B1Bus_2_9-15.txt,4.787999739729281,2.8091377580111887,1.523412630446837
B1Bus_2_16-22.txt,6.418596218651107,3.5599635363566438,1.7724624853185782
B1Bus_2_23-30.txt,5.01602477574461,2.935230415340005,1.5467660215800354
B1Prel_1.txt,3.9896138423543963,2.674928226145807,1.3364224626678585
B1Prel_2.txt,4.938316121714137,2.700290311303373,1.5588485163801653
B1Prel_3.txt,5.802131624650281,3.095356613843627,1.6634244417222384
B1Prel_4.txt,2.912846021163458,2.314513776584984,1.226530034529319
B1Prel_5.txt,6.9939811344491165,3.773061565494504,1.7925740293572925
B1Prel_6.txt,4.845051769161307,3.0481392622743617,1.498771887459478
B1Prel_7.txt,5.182058495994847,3.0120006927699055,1.5816148402215195
B1Prel_8.txt,4.671276471175419,3.098993459922975,1.4323790042468225
B1Prel_9.txt,3.3379744402214784,2.328322387520963,1.360837668267012
B1Prel_10.txt,2.7481302865407926,1.9381413792047286,1.3070255926093837
B1Prel_11.txt,4.3164089269994,2.8356772269447488,1.4453851328642913
B1Prel_12.txt,3.845553775633254,2.4255416542881667,1.3991999078749096
B1Prel_13.txt,2.9010180514545443,2.0921056686099484,1.3021665816773667
B1Prel_14-19.txt,5.202008600821918,2.9711045834977083,1.5565158687297393
B1Prel_20-25.txt,5.55422204043012,3.340432111265313,1.5508489249838837
B1PrelSch_1.txt,2.9697332671693553,2.328094452114276,1.2226596843805846
B1PrelSch_2.txt,5.070640843152451,3.144017524759201,1.5334418105439818
B1PrelSch_3.txt,7.454919773659536,3.723798163781285,1.9490018330082848
B1PrelSch_4.txt,7.985740210936817,3.812865255977882,2.0516867529436444
B1PrelSch_5.txt,4.964567250413324,3.1120740019836584,1.488744112702873
B1PrelSch_6.txt,5.678471585274459,3.298400036949567,1.6482932987986756
B1PrelSch_7.txt,3.4843949171539563,2.4414901522363137,1.3246690929327307
B1PrelSch_8.txt,3.651599855237199,2.565350165750163,1.3937411148740066
B1PrelSch_9.txt,6.469166455794033,3.877756085533226,1.617777711205725
B1PrelSch_10.txt,4.514463804728596,2.9027131030691615,1.5104507034665289
B1PrelSch_11.txt,4.126981077288352,3.016637935256149,1.3340572131255959
B1PrelSch_12.txt,5.146263728863675,3.114880060732734,1.558715224393229
B1PrelSch_13.txt,3.8712655899782202,2.698628683090639,1.3626456952381596
B1PrelSch_14-19.txt,4.660242750475077,2.9893246098415336,1.4759827750594294
B1PrelSch_20-25.txt,4.536390116111038,2.85514122916521,1.4702602444909298
B2_a_business_interview.txt,4.511788079983027,2.752519646436889,1.4614300010093797
B2_a_design_presentation.txt,5.759132426091515,3.2652371797788335,1.6623407726052866
B2_a_digital_detox_podcast.txt,5.287354785735127,3.118512337386631,1.5963597874885171
B2_a_lecture_about_an_experiment.txt,5.637516866859463,3.213778462595835,1.6491526850460843
B2_a_talk_about_motivation.txt,5.146601723462678,3.1054160568907543,1.5716022839631438
B2_against_pushback_we_pushforward.txt,5.66115407820376,3.086384863003019,1.734100363839796
B2_are_you_tech_addicted.txt,6.627055408919385,3.4979272355350655,1.734680513245323
B2_beating_stress.txt,8.651233018220964,4.163903496636109,2.0058863815066306
B2_being_vegan_more_environmentally_friendly.txt,4.502564904510639,2.6522472804002333,1.5575885267253522
B2_between_two_worlds.txt,5.088013453824935,3.2215580519911446,1.4828691649644203
B2_black_history_month_all_you_need_know.txt,5.9659998301365915,3.278683048560241,1.820731558850378
B2_boy_bands.txt,5.258000967828135,3.113695476914957,1.5834259767336616
B2_break_bias.txt,3.847715282601959,2.529803498460892,1.448977720705822
B2_brief_history_writing.txt,4.980876891129241,2.856192999920101,1.5594291570281476
B2_british_vs_american_accent_challenge.txt,3.4100460975749645,2.3029001777230578,1.31597956724099
B2_Bus_1_1-4.txt,3.3510735214038654,2.3177079201319226,1.427145014530702
B2_Bus_1_5-8.txt,3.182842061671876,1.966420549543352,1.4301035894709202
B2_Bus_1_9-12.txt,5.148137001889227,2.989617688616197,1.6077880940554297
B2_Bus_1_13-17.txt,6.094768457853957,3.330415998192071,1.7090577188781109
B2_Bus_1_18-22.txt,5.73316074790004,3.5232370601423746,1.5844687091454945
B2_Bus_1_23-30.txt,5.766683190352959,3.2156476378152203,1.659746076198492
B2_Bus_2_1-4.txt,3.3770513108704954,2.2673553103438437,1.3532230522241453
B2_Bus_2_5-8.txt,5.300972874034098,3.2017627644129854,1.588343915178516
B2_Bus_2_9-12.txt,3.1914415056081213,2.19794406796465,1.3637784499040972
B2_Bus_2_13-17.txt,7.6399669751607275,3.9530965619263934,1.8899728430068792
B2_Bus_2_18-22.txt,6.946371451070461,3.7739285420509576,1.7827175644807598
B2_Bus_2_23-30.txt,7.033920747700479,3.657554695377695,1.8541139466873768
B2_business_news.txt,7.745434268438948,3.8102432230881482,2.0012774246964895
B2_C1_12_year_old_maths_genius.txt,3.0467372382781983,1.7483311536449964,1.6935434225555233
B2_C1_15_year_old_quizzes_george_clooney.txt,4.517824050501382,2.7715201231194437,1.4707172862130293
B2_C1_actress_margot_robbies_snake_story.txt,3.4977899580396588,2.4898390278744253,1.320130849304196
B2_C1_amazing_bird_sounds_lyre_bird.txt,4.857596451281655,2.9811289008137867,1.5263599653044826
B2_C1_amazing_minecraft_city.txt,7.319265742098377,3.95938662308092,1.7985432577306466
B2_C1_amazing_wheelchair_jump.txt,4.896971933431882,3.227199213547382,1.471888586922579
B2_C1_british_vs_american_culture_quiz.txt,2.571000692727963,1.8040768468721247,1.2805535772281487
B2_C1_C2_all_my_happy_friends.txt,4.162196825054692,2.697100259609887,1.4807419164503495
B2_C1_C2_amazing_diy_orang_utans.txt,5.948605767614391,3.487544107387187,1.6171870608916656
B2_C1_C2_biggest_flower_world.txt,6.0125400997703125,3.4637265957671772,1.653486718057714
B2_C1_C2_black_british_history.txt,7.62862479384481,3.889354794864667,1.9116529271320517
B2_C1_C2_can_cuttlefish_disappear_living_room.txt,4.576660840356301,3.021420050795481,1.471318618649567
B2_C1_C2_can_eating_fruit_be_bad_you.txt,5.821519752041481,3.297846615041011,1.7042375528161358
B2_C1_C2_can_haircut_change_your_life.txt,3.748168082814986,2.4785813945025668,1.4783578510112332
B2_C1_C2_david_attenborough_life_planet.txt,4.331643555332269,2.944923412664814,1.4456220810883307
B2_C1_C2_day_elizabeth_became_queen.txt,6.5703125317686295,3.3595287150784543,1.7896901194663064
B2_C1_C2_dolphins_know_best_way_catch_fish.txt,7.35187953908348,3.848527544281387,1.9096221536081206
B2_C1_C2_eco_friendly_gift_wrapping_ideas.txt,6.993867226582069,3.788442441721983,1.7669828768468927
B2_C1_C2_elephants_learn_work_together.txt,5.7838825505369895,3.758303689753695,1.5129944065063805
B2_C1_C2_emma_thompson_her_adopted_rwandan_son.txt,3.34066190892157,2.0609039046711013,1.406092229633519
B2_C1_C2_fake_or_fir_your_christmas_trees_carbon_footprint.txt,6.785116084103206,3.7175420289174084,1.7924957051001196
B2_C1_C2_fashion_revolutionaries_katharine_hamnett.txt,4.677496292524117,2.861912939106764,1.562320316646358
B2_C1_C2_female_artists_recognised_know_my_name_exhibition.txt,7.335846139857849,3.68921430292912,1.857317174652599
B2_C1_C2_four_tips_success_women_business.txt,6.260567599655418,3.6736620280746175,1.6508171585491729
B2_C1_C2_greta_thunberg_george_monbiot_climate_crisis.txt,3.5430925391875796,2.3936580107792396,1.3834554837320951
B2_C1_C2_gulper_eel.txt,1.6036664207339586,1.2543468902772172,1.1791210364009013
B2_C1_C2_how_baby_flamingos_become_pink.txt,6.448726795768188,3.5375785174385097,1.7871969707733122
B2_C1_C2_how_chop_onion.txt,3.9263189844300874,2.6002586595702284,1.395235464344621
B2_C1_C2_how_make_45_second_ice_cream.txt,3.567627925544769,2.3824893117670443,1.4198263146878765
B2_C1_C2_how_make_perfect_pancakes.txt,6.110961508979969,3.1230327474497757,1.8153360387182578
B2_C1_C2_how_these_women_changed_science_forever.txt,6.819455370592341,3.6769900092862446,1.8002742476367255
B2_C1_C2_how_tie_windsor_knot.txt,5.043420479385329,3.1211213509449154,1.5099385115144828
B2_C1_C2_how_wash_your_hands.txt,5.794027648566057,3.462495404987116,1.65993631750012
B2_C1_C2_i_was_refugee.txt,2.3518140115927424,1.9400538599891572,1.173111723341571
B2_C1_C2_imagining_world_without_fossil_fuels.txt,5.47207808728377,2.9894500863189655,1.6888523485784428
B2_C1_C2_international_day_forests.txt,4.771820158072444,3.081394324040622,1.4957947458603902
B2_C1_C2_international_womens_day_we_are_generationequality.txt,4.38084512601212,2.820843148924145,1.4751183966960724
B2_C1_C2_international_womens_day_who_inspires_you.txt,6.087198338876769,3.440158345053616,1.7439169250748472
B2_C1_C2_it_possible_ride_motorbike_lake.txt,4.032675323141496,2.709567502288395,1.363715652731195
B2_C1_C2_kids_explain_art_experts.txt,2.0616127401268964,1.6258015285223975,1.1982183256431527
B2_C1_C2_lemon_pavlova_recipe.txt,6.0239814370765155,3.2989803018957886,1.7057887438926242
B2_C1_C2_limb_lego.txt,4.256052897326907,2.7909832680027042,1.443171435979412
B2_C1_C2_living_two_languages_finland.txt,4.8603534825742996,3.1570463108864337,1.4782302850623892
B2_C1_C2_londons_secret_garden.txt,8.39013475892173,4.103633506540594,2.036162226503946
B2_C1_C2_nadiyas_five_minute_crispy_egg_rolls.txt,4.046406541568884,2.5657392743495158,1.4626567875104108
B2_C1_C2_portrait_oussama.txt,4.733062977141175,3.1310218414402424,1.4034191192909147
B2_C1_C2_rare_cheese.txt,5.552611647222432,3.313450572994708,1.6322283295847866
B2_C1_C2_rubber_hand_illusion.txt,3.106396716618086,1.9422742096899046,1.3511698555751388
B2_C1_C2_salt_hotel.txt,4.974871877696418,3.159615151570137,1.6012013490874268
B2_C1_C2_santa_claus_real.txt,3.6181400776504624,2.5107651785732488,1.3618131717201738
B2_C1_C2_seeing_believing.txt,2.9781119501306517,2.1142567897900157,1.2700968379902302
B2_C1_C2_sir_david_attenborough_cop26_peoples_advocate.txt,7.08310257091852,4.163407306972596,1.6817890203175458
B2_C1_C2_space_snack_time_samantha_cristoforetti.txt,7.6754085625625015,3.803158534821172,1.9519400620081369
B2_C1_C2_story_imperial_state_crown.txt,4.157109459489883,2.6442156065007736,1.460566732938266
B2_C1_C2_ten_cat_facts.txt,5.175846437616358,2.963515275101044,1.5880809660202906
B2_C1_C2_two_monkeys_were_paid_unequally.txt,5.103341046731206,3.1083094535366835,1.5839959961302454
B2_C1_C2_vegan_red_lentil_fritters.txt,7.407352660644654,3.800295642291007,1.8543959203861116
B2_C1_C2_warrior_women.txt,3.9851658076079692,2.448952270717723,1.5190219693978875
B2_C1_C2_water_changes_everything.txt,5.283916450996431,3.013595786893559,1.655714040999344
B2_C1_C2_we_stand_refugees.txt,2.94768813673433,2.308662517534106,1.2340493392433838
B2_C1_C2_what_do_all_pride_flags_mean.txt,4.924211528925171,2.854854302837637,1.5969705972031205
B2_C1_C2_what_we_have_forgotten.txt,5.536756781439178,3.2499286309774376,1.5984509487369138
B2_C1_C2_wheelchair_costumes_turn_kids_superheroes.txt,5.195211838236231,3.251763512068438,1.5220628809317798
B2_C1_C2_when_do_children_learn_tell_lies.txt,3.0955702852376183,2.140181580890682,1.3267276264234145
B2_C1_C2_when_everyone_else_room_can_see_it.txt,1.989117966652661,1.5095435420956735,1.2892796943243812
B2_C1_C2_why_arent_babies_afraid_snakes.txt,3.0298943585417817,1.9445540690454814,1.2977219147573298
B2_C1_C2_why_dogs_stick_their_heads_out_car_windows.txt,5.470508911889391,3.274772509643787,1.6385075272871552
B2_C1_C2_why_i_fell_love_irish_dancing.txt,6.2607370665041415,3.636804890165769,1.648386528474244
B2_C1_can_massive_invention_save_our_oceans.txt,6.852953064621129,3.774264627927808,1.7568435570060084
B2_C1_chocolate_bites_recipe.txt,5.980015402855992,3.2950883865238314,1.694191293781406
B2_C1_clever_cobra.txt,4.099889673792123,2.6021088564331807,1.4368593055919907
B2_C1_comic_con_meeting_fans.txt,2.1420319258675713,1.6007719886938154,1.1992087211677334
B2_C1_cure_boredom.txt,6.899395090516755,3.7316275061713453,1.769917095033322
B2_C1_cutting_down_waste.txt,7.375917255374188,3.7886858722842143,1.805796238638618
B2_C1_driverless_cars.txt,6.333657223291514,3.307034283030006,1.8600287316118125
B2_C1_emma_watson_introduces_new_heforsheorg.txt,8.332264137182419,3.954877388627491,1.8998062067204144
B2_C1_five_things_you_mustnt_do_britain.txt,6.76417402866792,3.580715893195978,1.7698481323534223
B2_C1_four_reasons_why_you_should_start_blogging.txt,9.570093793855499,4.518153361036359,2.0506600486346285
B2_C1_girl_leadership_summit_highlights.txt,3.8783283879506714,2.6619439764686246,1.3503871977010378
B2_C1_history_voting_ancient_greece_x_factor.txt,6.647628530850642,3.4738462681837174,1.75728235944877
B2_C1_how_dirty_your_mobile_phone.txt,3.0252397670029096,2.1679048338293674,1.3009144661291354
B2_C1_how_make_perfect_omelette.txt,5.220526332000593,3.115243369672117,1.5620894187619694
B2_C1_how_refugee_became_supermodel.txt,4.696863832473385,2.9991735410006295,1.4706997615011157
B2_C1_long_hair_vs_short_hair.txt,5.898513386213596,3.3694364221148936,1.6391718903143624
B2_C1_maggot_medicine.txt,5.388923356640634,3.18126207797908,1.6817468912829212
B2_C1_miso_mushroom_coconut_noodles.txt,7.003631064573326,3.6158333615454636,1.8483754371848478
B2_C1_music_great.txt,5.09543094511963,2.8087976315703473,1.6331630267223363
B2_C1_my_ramadan_experience.txt,8.269511726825217,3.9569132687809185,1.9446233250551679
B2_C1_our_school_students_selfies.txt,5.432648974901987,3.304713714465513,1.5228273295256975
B2_C1_plastic_ocean.txt,3.4697672975396006,2.3706390512806585,1.3472319300352666
B2_C1_poem_about_poets.txt,4.852886229876673,3.0692079722899748,1.5076498086042798
B2_C1_pros_cons_leaving_home.txt,7.885022338148867,4.1080204707601595,1.8619163367355815
B2_C1_pros_cons_summer_jobs.txt,6.8348216696196875,3.6423692300467185,1.7240794582835406
B2_C1_rainbow_flag_explained.txt,8.891517633699024,4.022561064358451,2.1488061129105613
B2_C1_safer_internet_day_song_surf.txt,4.979247385052573,3.1650491292623077,1.5545294881638019
B2_C1_school_strike_4_climate.txt,5.096551250262994,3.0437750528953713,1.5719130714531515
B2_C1_science_experiment_space.txt,4.412844311589745,2.742364438008862,1.47828898842638
B2_C1_sophias_vegan_banana_pancakes.txt,6.664595784150576,3.6812401781937134,1.7347592924345103
B2_C1_status_mind.txt,2.6407725351432925,1.8427280775775412,1.2525625579714206
B2_C1_superhero_runner_runs_5000_miles.txt,5.281192513204671,3.1414885832209967,1.5421653402903732
B2_C1_tattoos_piercings.txt,6.892587371304972,3.8228882400556103,1.7465267322800837
B2_C1_teenager_becomes_jetski_champ.txt,5.835344360661032,3.4048581929502033,1.7277278419411204
B2_C1_ten_reasons_smile.txt,5.830181218672631,3.434793629722147,1.5776943830293748
B2_C1_things_i_miss_now_im_grown.txt,5.875448490339982,3.355679690230104,1.6382796696941082
B2_C1_three_steps_successful_blog.txt,7.89306300703557,4.043906978698768,1.8382611646270577
B2_C1_three_tips_learning_language.txt,6.258013554455622,3.4643275656904304,1.6687492628322993
B2_C1_tips_tricks_reading_foreign_language.txt,7.199029200571364,3.8064800083443706,1.8145719423486744
B2_C1_tongue_twister_challenge.txt,3.3215194802866375,2.2445270026018154,1.358922381531531
B2_C1_weekend_manchester.txt,6.487671804820573,3.477208781256166,1.7221486892787552
B2_C1_weird_nature_archer_fish_velvet_worm.txt,4.8099914918044275,2.9034411423670985,1.601494317046316
B2_C1_weird_things_we_do_britain.txt,7.371823147377834,3.767799569673266,1.8325998036008768
B2_C1_what_gender_tax.txt,6.698867285596589,3.4329614477278114,1.7765384795105952
B2_C1_where_did_moon_come.txt,5.571010637751476,3.2480413507124153,1.6888422674433452
B2_C1_worlds_best_drone_racer.txt,5.919406401559169,3.401903094403974,1.6688936238981418
B2_C1_your_image_your_future.txt,3.047561321907209,2.138452591006194,1.3069574155357504
B2_C1_youtubers_twitch_streamers_share_tips_safer_internet_day.txt,4.664794463108249,2.5777915608579134,1.5439949644993192
B2_C1_zara.txt,2.243318163421488,1.6907233267567934,1.2042920271572468
B2_can_will_gwyn_haslock.txt,5.158448448425808,3.1139899946546774,1.55998437383338
B2_change_management.txt,6.641136674652974,3.4185832235876834,1.9094087410912284
B2_coventry_city_fc.txt,6.665943270283555,3.868001584317603,1.7036814015861226
B2_creating_a_study_group.txt,2.708031297361168,1.903843934270462,1.2740616945325784
B2_did_you_ever_post_mean_comments_online.txt,6.221002521107995,3.574205605146875,1.662687922158327
B2_disney_not_just_kids.txt,4.481254196208643,2.88466958272511,1.4333026360033847
B2_diy_christmas_decorations.txt,3.3373570115759477,2.2445653110160233,1.4257849297229244
B2_dog_understands_1022_words.txt,2.476865160316273,1.600524792726541,1.3257239664874831
B2_film_reviews.txt,5.445250708608341,3.288900666450071,1.598425361454338
B2_generation_parkour.txt,4.689916567730528,2.9316988206329286,1.5079951600401351
B2_getting_advice.txt,4.2737691542484955,2.754098586517791,1.4372466553600054
B2_giant_chocolate_chip_cookie.txt,3.7313277598820394,2.4980352605121965,1.3953398816413274
B2_hamlet_1_his_fathers_ghost.txt,5.63721172417563,3.5004902696198514,1.5396961020413054
B2_hamlet_2_bad_death.txt,6.697914130722244,3.7582953991584063,1.725352940737223
B2_harry_potter_hamilton_day_trip_london.txt,5.333184460360614,3.20318126847293,1.5517786908882736
B2_high_achieving_teenagers.txt,5.104236381281937,3.1302990706182974,1.5660825870223294
B2_hippo_lives_house.txt,5.98228802750395,3.2620573227570633,1.798428407566657
B2_horror_films.txt,6.294541061650477,3.5940138599681513,1.724759374167807
B2_hot_and_cold_climate.txt,5.936407534493596,3.3078145064211526,1.6428503920632749
B2_how_be_good_listener_if_someone_upset.txt,4.94344038250775,3.208053645316784,1.4849667324940288
B2_how_make_day_dead_mask.txt,7.808356223149652,3.8004361728986007,1.9313323107256517
B2_how_to_improve_your_memory.txt,3.9291491041741344,2.45086683912594,1.4154505314597965
B2_how_to_study.txt,5.550851247104557,3.2841058235741993,1.61422378830134
B2_hypatia_trust.txt,4.739338639819261,2.63777052814142,1.5139276249184928
B2_ice_age_manhattan.txt,6.048490433103578,3.5463095204099613,1.6953120710660095
B2_international_womens_day_we_are_women.txt,1.6604135407993998,1.3478840857965975,1.1491352613938823
B2_joining_a_gym.txt,2.9934312024992873,2.081199345755481,1.3439827963073558
B2_juliet_1_falling_love.txt,5.336754487106917,3.3740920046503917,1.530618504384372
B2_juliet_2_feisty_funny_determined.txt,5.069838218041783,3.0604064106578006,1.5709582310928805
B2_kate_winslet_strong_women_learning_lines.txt,6.249976288907282,3.3814085040450856,1.682376461816203
B2_lady_macbeth_1_top_dog.txt,5.185563739402991,3.0738411018762535,1.5865064514986364
B2_lady_macbeth_2_unchecked_ambition.txt,5.482518979279362,3.2762774855351506,1.579524877740738
B2_learning_languages.txt,6.093900096211119,3.558186209257221,1.6525440006430876
B2_line_management.txt,5.357776922262429,3.2064113785974553,1.5481658739558728
B2_living_london.txt,5.264892671791409,3.1935070827788565,1.5451138341219066
B2_living_my_own.txt,6.856908585235676,3.8836819903673643,1.7451461299443858
B2_london_1_piece_piece.txt,6.789713895878585,3.606006960705839,1.7829382650966694
B2_london_2_penny_yard.txt,6.611631395575441,3.642014096077914,1.7154455399827235
B2_malala_yousafzai_winning_nobel_peace_prize.txt,7.371560736799572,3.8243964269876773,1.8685036504602515
B2_managing_conflict.txt,4.014972598755318,2.576349514573396,1.4713882525209194
B2_much_ado_1_beautiful_trick.txt,4.948488048357065,3.183424327583727,1.506848436121882
B2_much_ado_2_fun_play.txt,5.474210285297844,3.3806067128718444,1.53517445224855
B2_music_manchester.txt,4.195892249153005,2.4318833106830935,1.4380694865041035
B2_music_social_media.txt,4.839482606303008,2.735581436383696,1.5429070188917184
B2_my_hero.txt,7.975126956415123,4.138451047000981,1.9072145903457312
B2_my_two_cats.txt,7.794846985950855,4.033182958846889,1.8762268579835424
B2_new_inventions.txt,4.363958303937536,2.658100086209927,1.4582532237762758
B2_office_party_planning.txt,3.4816003173206043,2.269396951520947,1.3999989430590885
B2_oversharing_your_digital_footprint.txt,6.4778436009011235,3.724127862456636,1.6913417015634928
B2_public_relations.txt,7.776027652911854,4.014376985720907,1.9049367786495395
B2_radiohead.txt,6.368941003263919,3.6680985986623194,1.698370973805632
B2_relationship_building.txt,5.747395652237732,3.3235474287601208,1.6616295061749493
B2_simple_homemade_christmas_gift_ideas.txt,6.429554446754966,3.502095293731661,1.7953395257908191
B2_skateboarding_heroes.txt,5.812078750975811,3.4617529682431694,1.6163383803785953
B2_snowy_day_durham.txt,5.117621711285581,2.8725953268864735,1.5567678957792643
B2_sophias_simple_vegan_sushi.txt,3.218316649385673,2.1686185421559343,1.3106068158787945
B2_special_restaurant.txt,5.131263628863137,2.787692839670763,1.5908304923125394
B2_sports_interviews.txt,4.313675916148302,2.9001325527464283,1.4296599784326849
B2_stan_lee_man_who_invented_spider_man.txt,5.116560077606827,3.0408547696058608,1.5565605156032751
B2_stratford_1_shakespeare_glove_maker.txt,5.41782290194649,3.284955582195063,1.5832673901073386
B2_stratford_2_lost_years.txt,6.036598943978183,3.447196195091286,1.621536263164577
B2_survivor_episode_1_finding_jane_b2.txt,2.4370769926246756,1.7052828438655738,1.2482755279968785
B2_survivor_episode_2_wake_soon_b2.txt,2.648182835175695,1.9276234067196805,1.2954889925470041
B2_survivor_episode_3_coincidence_b2.txt,2.3843087069432825,1.765911119086331,1.2488979735456085
B2_survivor_episode_4_run_b2.txt,2.6482342685333538,1.9131671895680114,1.272541045914568
B2_survivor_episode_5_youre_awake_b2.txt,2.438793774721878,1.7371718663917508,1.2770810027590243
B2_survivor_episode_6_caught_b2.txt,2.493555883108675,1.8242517452799913,1.2583560999141195
B2_sustainable_development_goals.txt,4.195386997477221,2.670626574881174,1.491874596832968
B2_tale_two_brothers.txt,4.074620694882941,2.762211784312801,1.3619624354975213
B2_talking_about_rumours.txt,5.143279760055681,3.14528125450788,1.5448213968898903
B2_taste_berlin.txt,4.666011505965831,2.827076560647279,1.5026274164983882
B2_technology_addiction.txt,4.826476329543846,3.073621670621052,1.5125082611521148
B2_technology_daily_lives.txt,5.162246002217432,3.109211356868365,1.560172335695014
B2_tempest_1_bigger_me.txt,5.335020274880506,3.2425700841497744,1.544709535292837
B2_tempest_2_greed_wrath_lust.txt,5.051333745583171,3.167104001102521,1.4997054188809238
B2_tennis_keeping_fit.txt,5.232917546482772,3.2044777704329244,1.5280489709199332
B2_the_best_job_in_the_world.txt,6.843789899309237,3.5509535398702443,1.8588687497718561
B2_the_filter_bubble_part_one.txt,4.864382985558624,2.6612665724534037,1.5427416168000472
B2_the_filter_bubble_part_two.txt,5.6370188112816235,3.2739921244215795,1.6036503196685243
B2_the_maasai_and_the_lions.txt,6.628262405553952,3.7389249715855186,1.737389936458498
B2_two_euro_t_shirt.txt,1.8872054463318018,1.4288859479245266,1.2979794715088833
B2_unusual_british_festivals.txt,6.730902892057777,3.4847159808708636,1.8704269131051607
B2_vinyl.txt,5.659214222280594,3.2939602796729504,1.586254552704342
B2_voice_uk_can_anyone_learn_sing.txt,6.371756163437654,3.490277409509791,1.7029545517018485
B2_what_kind_of_student_are_you.txt,3.067254715608959,2.144896226313541,1.2824367477398426
B2_what_metaverse.txt,5.298002438211038,3.296126251090267,1.5240876802901444
B2_what_tallest_statue_world.txt,3.8590250910073944,2.491170649733734,1.4797562768962738
B2_whats_in_a_name.txt,5.046688890879569,2.9797465460556634,1.5934897906417733
B2_work_burnout.txt,4.040104907929968,2.640260649506272,1.3978819157032447
B2_world_afro_day.txt,5.747947516573023,3.4643052422698823,1.5466347944997596
B2_worst_christmas_presents.txt,5.056199592208165,3.0571371973154173,1.5240263884163532
B2First_1_1.txt,4.538658002661403,2.9012298510455055,1.4520397037927963
B2First_1_2.txt,3.2004051359974555,2.120207865004989,1.477755378487789
B2First_1_3.txt,4.652855118879141,3.1990465946976783,1.4080364143587163
B2First_1_4.txt,7.078829985879342,3.703027871920047,1.7952254543155277
B2First_1_5.txt,3.378153622115415,2.633231141211916,1.2114012325341244
B2First_1_6.txt,3.3487538578563365,2.450090494118872,1.3241798502256064
B2First_1_7.txt,4.338134946905369,3.108500356936645,1.4079120692509417
B2First_1_8.txt,7.495306787600991,3.597792116442524,2.072814564416393
B2First_1_9.txt,7.360773494783003,3.744429525217791,1.8473016031278953
B2First_1_10.txt,5.894607982386688,3.5091104462619134,1.6018939452657468
B2First_1_11.txt,4.681804493398918,3.0359714142159904,1.4397590088947096
B2First_2_1.txt,6.48550059419324,3.5836061075971,1.7063015922348646
B2First_2_2.txt,6.367448470691628,3.456189121091537,1.6887053479161949
B2First_2_3.txt,5.411414104396109,3.136687653824749,1.5836276567366876
B2First_2_4.txt,3.556352088833046,2.600315957897329,1.3360831735848453
B2First_2_5.txt,7.8400956699664395,4.109216064360807,1.885025094778841
B2First_2_6.txt,5.647225153385928,3.6630285222497982,1.5247844863280873
B2First_2_7.txt,4.451081860748971,2.899814715955171,1.4948037378839132
B2First_2_8.txt,5.3089955023325945,3.3148202514425544,1.5403359554953338
B2First_2_9.txt,7.961915644848296,4.047964226120873,1.9409953823508326
B2First_2_10.txt,5.763662756400558,3.4213146780207233,1.626586080393475
B2First_2_11.txt,5.703833974608995,3.3401502901934537,1.6267813134987918
B2FirstSch_1_1.txt,6.875386127383507,3.8268903956491727,1.7565579854693667
B2FirstSch_1_2.txt,7.492306022533545,3.891699163265912,1.8449554336257243
B2FirstSch_1_3.txt,5.959514633008693,3.231377090069107,1.6685697031035143
B2FirstSch_1_4.txt,5.700737810004298,3.290848109069756,1.6019594654213045
B2FirstSch_1_5.txt,7.821161224825016,4.065820643731513,1.9228061045058324
B2FirstSch_1_6.txt,3.055605354194914,2.012849996817668,1.3513343402991216
B2FirstSch_1_7.txt,7.517352325793181,3.9648189295567002,1.8377319725894057
B2FirstSch_1_8.txt,9.078525436835719,4.360003242754958,2.056838777017433
B2FirstSch_2_1.txt,6.367810811083653,3.3530957615488615,1.7901981085793548
B2FirstSch_2_2.txt,5.782583453533493,3.299817594703591,1.6581892048079676
B2FirstSch_2_3.txt,5.526398266563328,3.4274691303477596,1.5694186524019562
B2FirstSch_2_4.txt,7.992453943112406,4.18733501290711,1.8913667073500648
B2FirstSch_2_5.txt,5.367944446867577,3.271685493407797,1.6235468996549223
B2FirstSch_2_6.txt,6.99800166504495,3.7976314151273374,1.8219140689024738
B2FirstSch_2_7.txt,3.495949195874369,2.2559075804370994,1.39337816036015
B2FirstSch_2_8.txt,7.6172438913120315,3.8614808182183595,1.9511714080623541
B2FirstSch_2_9.txt,5.635689534926405,3.498110374278599,1.5724966389310402
B2FirstSch_2_10.txt,6.878481540908288,3.858887673700671,1.7284796823190256
B2FirstSch_2_11.txt,5.132499862222395,3.2207920138848114,1.5318543703677818
C1_a_job_interview.txt,4.38468657071238,2.7092479127096505,1.462818449978741
C1_a_project_management_meeting.txt,3.7450369187834487,2.4137112315465523,1.3813840916494895
C1_an_interview_about_two_books.txt,5.73285656932458,3.375471495159492,1.6063997765062066
C1_ariana_grande_she_was_famous.txt,3.950084843893742,2.5771774620137227,1.3766396702972064
C1_birthday_parties.txt,3.6477706482240198,2.499511002170717,1.3336868048893105
C1_box.txt,2.127273714460525,1.65697207357418,1.2006365575607403
C1_britains_fastest_cyclist.txt,4.909443191847784,2.938723638515378,1.4940288622575701
C1_camila_cabello_talks_about_beyonce.txt,2.946258574198745,2.007231708968068,1.3394968276520658
C1_can_dogs_sense_emotion.txt,6.347870804159832,3.621409551466457,1.6945269996954306
C1_catching_up_after_a_trip.txt,3.4070144483651013,2.2972409730933774,1.3627287967659585
C1_challenges_at_work.txt,6.724043566974985,3.5083191603111903,1.827540150099973
C1_class_clown.txt,2.796657619541115,1.8864917030764723,1.378477422029958
C1_creativity_great_part_1.txt,5.845554002344879,3.3566863179810014,1.6762286242456064
C1_creativity_great_part_2.txt,4.9692930867324385,2.985848191242874,1.5695160384046967
C1_david_beckham_puts_brooklyn_his_place.txt,4.278486896489678,2.7133837770077203,1.4037496946278167
C1_day_digital_life_teenager.txt,7.261655025976585,3.9740784782155694,1.7861531681499012
C1_double_dutch_brain_game.txt,5.768672914438149,3.194346374900676,1.6692249130797239
C1_duct_tape_surfing.txt,6.586274587136952,3.6245116447058385,1.6904524226357045
C1_eddsworld_climate_change.txt,3.5621019310185043,2.2748288898858577,1.4425292631295066
C1_english_great.txt,4.91160828850566,2.956908364467361,1.5375644439099532
C1_entrepreneurs_are_great.txt,4.699723751630988,2.736416686592929,1.5445504436403925
C1_exploring_german_castle.txt,5.199024465098907,3.077024145447257,1.583219374257632
C1_five_days_iceland_black_beaches_baby_geysers.txt,4.367889710579389,2.7287825636002934,1.435965272342541
C1_flying_visit_home_uk.txt,3.728040454476087,2.4071281558921345,1.3718726602918676
C1_food_waste_rebel.txt,7.254430050516369,3.823633577554238,1.8686926023876957
C1_germany_vs_uk_four_big_differences.txt,7.682680355629519,3.940559465248692,1.8347937249285011
C1_have_you_ever_been_bullied.txt,5.868133092719931,3.15938001001599,1.7028774078059836
C1_help_others_help_yourself.txt,5.192111061508797,3.1754848258739092,1.5510767319673047
C1_how_false_information_spreads.txt,6.367011154193305,3.313719891213103,1.7554704842052287
C1_how_general_election_works.txt,6.978145311878202,3.7004600021904333,1.8372250335384088
C1_how_has_hoodie_become_so_fashionable.txt,6.252695141254081,3.3206519587868404,1.786093034145754
C1_how_i_became_fluent_english_joses_story.txt,4.630654301109867,2.773916166743429,1.4714883504665661
C1_how_make_your_own_christmas_card.txt,4.983603444497956,3.0245669781775373,1.5419633462888105
C1_how_sew_button.txt,6.019992457200666,3.3624217998927395,1.7251257951307017
C1_how_to_break_into_the_music_industry.txt,5.651441217085789,3.28711212312102,1.6100995147898896
C1_how_wash_your_hair_space.txt,7.3117185487411485,3.7198153745045284,1.8585914506502428
C1_innovation_great.txt,5.0520918985591665,2.9888946352665426,1.6362832925899977
C1_innovation_in_business.txt,5.556168952122852,3.2345874044683978,1.6475670013063333
C1_international_space_station_toilet_tour.txt,7.316630531133304,3.575665067925337,1.9020358813579785
C1_introverts_redressing_the_balance.txt,6.781907012233672,3.6614402295927335,1.7992516395715632
C1_knitting_it_just_grannies.txt,6.977700388629368,3.735638878057028,1.7440524839811598
C1_learning_drive_everything_you_need_know.txt,6.989026165289753,3.788788267097659,1.7403419475029442
C1_literature_great.txt,6.106366511179927,3.35684204032221,1.696405934305141
C1_living_online.txt,7.847326360020737,4.064401305377001,1.852620990316245
C1_lottery_comedy_walk_park.txt,2.2804944214431933,1.6998669024494453,1.2413690288573005
C1_making_snow_olympics.txt,7.7566315625737285,3.9063117522330453,1.9198057670318396
C1_man_or_beast.txt,5.683598232606573,3.1124304088853685,1.656977347137735
C1_meet_lauren_singer_zero_waste_girl.txt,3.41084994421367,2.157712330800482,1.4179163086241426
C1_my_study_tips.txt,7.268664375450311,3.7789455748054643,1.8010957016318974
C1_my_top_five_musicals.txt,5.943682769537592,3.3850645404675546,1.6270205151763173
C1_new_years_resolutions.txt,5.488472215692676,3.2396733873469907,1.5751713908433655
C1_peanut_butter_jelly_space.txt,6.530507751008752,3.3686308478927343,1.8206088674288528
C1_penguins.txt,6.138308145518519,3.5689647772014776,1.6363112405909455
C1_pink_phones_cambodia.txt,4.950531308166488,3.02327153389087,1.605626725698889
C1_porcupine_vs_lion.txt,5.22427531075209,3.1572276075872736,1.6020303107942706
C1_race.txt,3.5547942352793167,2.4360495552354515,1.3345310731956874
C1_real_junk_food.txt,5.292670676222011,3.0958659700967037,1.5656700453572536
C1_renting_a_house.txt,7.3281133172478885,3.845054820539792,1.8533634281557916
C1_seven_tips_moving_abroad.txt,7.291578687380864,3.8838694006458643,1.7893223678418588
C1_shopping_great_part_1.txt,4.067553840447069,2.549102564225874,1.475611215045858
C1_shopping_great_part_2.txt,4.600914117130839,2.9893894097337523,1.4593004596770336
C1_sibling_rivalry.txt,3.6648444279719192,2.0841877472329693,1.4608967234899635
C1_six_english_idioms_you_should_know.txt,6.6538297346353,3.4645442364020553,1.774378170611729
C1_sleeping_for_exam_success.txt,6.978580718551823,3.500458749736179,1.8199729400287414
C1_slow_motion_puff_adder_attack.txt,5.135002151760884,2.9433495442066198,1.6258994937391882
C1_speak_out_make_change.txt,6.224208118301918,3.7498381958968596,1.610210627639635
C1_sport_great.txt,5.192918848442384,2.967292889952439,1.6546273868381536
C1_stute.txt,6.255252178084205,3.593641923937813,1.6527332964878307
C1_tech_addiction.txt,6.788856078079211,3.5839453207798813,1.764595799506795
C1_teens_going_veggie.txt,6.260367472257014,3.5987569237391206,1.6977216353722877
C1_the_benefits_of_sport.txt,4.599462916559434,2.6893882663271755,1.5685350016267006
C1_the_fear_factor.txt,6.118287107051654,3.2428131924117776,1.7396260696103292
C1_the_helix.txt,6.527466611896586,3.404180660116074,1.8783923455680787
C1_the_history_of_hand_gestures.txt,6.921412198061631,3.719607553828361,1.8318711813062347
C1_until_my_hearts_finished.txt,6.026135280811486,3.307026513293139,1.6869252650712951
C1_wacky_races_pantomime_horse.txt,2.97867618430041,2.1132248618430385,1.282577048572417
C1_wars_silver_lining.txt,7.445256570246906,3.7269401936002677,1.9595975684836504
C1_what_i_learned_dropping_my_phone_down_toilet.txt,7.391493677794879,3.7766385939266454,1.8333513686804412
C1_what_makes_black_panther_so_special.txt,7.452093815724209,3.853237156942814,1.8527163435312257
C1_who_made_your_clothes.txt,6.304813258957291,3.632442943780426,1.647320940539078
C1_why_its_important_travel.txt,6.891602923756795,3.6590528637213215,1.7537526181342888
C1_why_ocean_salty.txt,6.847174720782025,3.6002200842081615,1.7060431633693516
C1_wizarding_world_harry_potter.txt,4.367288492371045,2.5063442752935114,1.519061148412962
C1_women_tech.txt,7.769787049497904,3.9161181792940143,1.9324964635547226
C1_zombie_school_survival_guide.txt,3.2172566700442338,2.163859905436729,1.3187836605054069
C1Adv_1_1.txt,6.651389512197647,3.67665476811642,1.7145101311089095
C1Adv_1_2.txt,5.871090656743832,3.251807044505088,1.6777068185959378
C1Adv_1_3.txt,4.816324596722817,3.0533649958128577,1.547972319383347
C1Adv_1_4.txt,8.323628090630907,4.056745371214167,2.01679975507215
C1Adv_1_5.txt,6.170361420843326,3.383168347895571,1.7277660774958206
C1Adv_1_6.txt,6.210501249519566,3.5489292242808155,1.7140294180091364
C1Adv_2_1.txt,5.490282625071196,3.369225063280667,1.5721445375343732
C1Adv_2_2.txt,5.526686905977843,3.3130579658807195,1.6185239225793167
C1Adv_2_3.txt,3.9895461702664234,2.5715560981597556,1.4538760034124902
C1Adv_2_4.txt,7.822070845740723,3.92504808090996,1.9165931128442708
C1Adv_2_5.txt,5.78550127988042,3.4046074919708964,1.6299392494691154
C1Adv_2_6.txt,5.60939453408965,3.2501646727260822,1.6368887377731005
C1Bus_1_1-12.txt,5.5638285543535435,3.3689013759716055,1.5821772345823386
C1Bus_1_13-22.txt,6.288279885812291,3.5856441187442343,1.6883360653771806
C1Bus_1_23-30.txt,6.155563447577322,3.3542265143967893,1.7150958897569917
C1Bus_2_1-12.txt,8.512348625581382,3.8673999981964005,2.11054679312741
C1Bus_2_13-22.txt,8.144645067369906,4.026834104186303,1.9366294106530806
C1Bus_2_23-30.txt,5.8430048127506655,3.268417767757469,1.6789824755606746
C2Prof_1-2.txt,5.695010593474899,3.427287219074256,1.6003864290364394
C2Prof_3-4.txt,5.563280252978932,3.274503651819129,1.5691307507501857
C2Prof_5-6.txt,6.162971924871343,3.5124370379994794,1.6281423687485153
C2Prof_7-15.txt,7.845776510603146,3.9374162289048007,1.9564305929272932
C2Prof_16-20.txt,6.26643492941484,3.485131233474822,1.7153696018112568
C2Prof_21-30.txt,7.555863858183775,3.90918094261319,1.8951950679068368
