id,cefr,complexity,words,language
0601,A2+,1.7897148239940848,115,cs
0602,A2+,2.9462921904865307,143,cs
0603,B1,3.13406745414612,186,cs
0604,B1,2.28948423710018,138,cs
0605,B1,2.395133356923439,197,cs
0606,B1,2.2682803266120577,164,cs
0607,B1+,2.2889724618143186,120,cs
0608,A2,1.581689430482042,120,cs
0609,A2+,2.3930630635404486,150,cs
0610,A2+,2.4632586838895607,161,cs
0611,B1,2.096242612475659,91,cs
0612,A2+,2.085116637306521,117,cs
0613,A2+,2.51849758805666,114,cs
0614,B1,2.4881565596621407,165,cs
0615,A2+,2.54920834408526,101,cs
0616,A2+,2.3944334460835166,119,cs
0617,A2+,2.480778942966573,121,cs
0618,A2+,2.688187924079684,134,cs
0619,B1,2.32637852198614,93,cs
0620,A2+,2.103554320923412,127,cs
0621,B1,1.945505578396473,135,cs
0622,A2+,2.1763575247154425,111,cs
0623,A2+,2.1656041783675173,131,cs
0624,B1,2.8310628825462567,135,cs
0625,A2+,2.430221024046745,112,cs
0626,B1,2.2131295346739783,126,cs
0627,B1,2.3927651585989445,198,cs
0628,B1,2.480006681463687,132,cs
0629,B1,2.599797575088928,132,cs
0630,A2,1.6776865367028149,101,cs
0631,B1,1.876045072297504,111,cs
0632,A2,2.032987353294549,117,cs
0633,B1,2.3509010384568936,151,cs
0634,B1+,2.599276973090634,147,cs
0635,A2+,3.067288620765334,91,cs
0636,B1,2.11254735989884,146,cs
0637,B1,2.3561798802980776,119,cs
0638,A2+,2.348238731600868,129,cs
0639,A2,2.3322203819454552,124,cs
0640,B1,2.217039242035924,136,cs
0641,A2,1.77338576000511,114,cs
0642,A2+,2.245040830880153,131,cs
0643,B1,2.313426407759679,127,cs
0644,A2+,2.399083333318359,119,cs
0645,B1,2.3029544145783727,147,cs
0714,B1,2.096838288750644,125,cs
0715,B1,3.6416653527777534,132,cs
0716,B1,2.093948659411166,123,cs
0717,A2+,2.147406672470142,105,cs
0718,A2+,2.182169894512551,123,cs
0719,B1,2.3115012529808663,133,cs
0720,A2+,1.8119018413686825,110,cs
0721,B1,2.342041133599602,121,cs
0722,B1,1.998996851842226,118,cs
0723,A2+,2.374183876247123,113,cs
0724,B1+,2.060449040602395,127,cs
0725,A2+,2.3103754817555844,143,cs
0801,A2+,1.875910805327637,103,cs
0802,A2+,1.671745402473215,96,cs
0803,A2+,2.4359246906320497,124,cs
0804,A2+,1.8603181336789791,116,cs
0805,B1,1.8994054338784472,117,cs
0806,A2+,2.6611169282241165,145,cs
0807,B1,1.900452589129219,113,cs
0808,A2+,2.3414726523076226,120,cs
0809,B1,2.2635195950096447,120,cs
0810,A2+,2.2756057647167194,115,cs
0811,B1,2.320804626228319,128,cs
0812,A2+,1.622975929998404,96,cs
0813,A2+,1.6010628980488706,104,cs
0814,A2+,1.9778138468712696,92,cs
0815,B1,2.0831733989698824,151,cs
0816,B1+,3.736522170159632,124,cs
0817,A2+,2.3209762348082403,102,cs
0818,A2+,1.7975158982064183,105,cs
0819,B2,2.8468434188836214,140,cs
0820,A2+,2.4795911579359404,81,cs
0821,B1,3.17781498813972,174,cs
0822,A2+,2.40265863393784,100,cs
0823,B1,2.3763127145211165,123,cs
0824,A2+,1.8306944826004543,109,cs
0825,A2+,2.5033005116283755,121,cs
0826,A2+,2.162413514405584,107,cs
0827,A2+,2.282766383699201,104,cs
0828,B1,2.611187324397621,108,cs
0829,A2+,2.208520570527299,180,cs
0901,B1+,3.174721696348724,139,cs
0902,B1,2.4243061684136946,118,cs
0903,A2+,2.4329712846612,120,cs
0904,A2+,2.272057609889575,105,cs
0905,B1,2.894980496106988,124,cs
0906,B1,2.5439793768604217,143,cs
0907,B1,2.96493304352333,161,cs
0910,A2+,1.8024047004765151,103,cs
0911,A2+,2.0742335648812187,126,cs
0912,B1,2.356585395993926,179,cs
0913,B1,2.390226320329286,114,cs
0914,A2+,2.5508939719584185,123,cs
0915,B1+,2.7332421958060955,130,cs
0916,A2+,2.270736567245506,136,cs
0917,A2+,2.622772612940547,115,cs
0918,A2+,2.8539229358154614,108,cs
0919,A2+,2.4005539306972725,114,cs
0920,B1,2.3322514634796976,182,cs
0921,A2+,2.116327815563259,106,cs
0922,A2,1.8266516528378176,117,cs
0923,B1,2.405466031840235,123,cs
0924,A2+,1.7562337719625547,105,cs
0925,B1,1.963191486106504,138,cs
0926,B1,2.036890009738204,157,cs
0927,B1,2.226692545571739,101,cs
0928,B1,2.584831341126187,195,cs
0929,A2,2.286195137027002,173,cs
0930,A2+,2.715026307280519,134,cs
1001,A2+,2.652235417632891,124,cs
1002,B1,2.450419430988832,147,cs
1003,A2,1.9035805530737504,105,cs
1004,A2+,2.226171375090613,100,cs
1005,A2+,2.163279992278581,119,cs
1006,B1,2.591627691053186,108,cs
1007,B1,2.557044392762632,125,cs
1008,A2+,2.45331576064176,130,cs
1009,B1,2.3998714667297145,136,cs
1010,A2+,2.5067208240898595,132,cs
1014,B1,3.1043392088053925,119,cs
1015,A2+,3.4302313113775176,169,cs
1016,A2+,2.541179442402954,125,cs
1017,A2+,2.473569196373431,122,cs
1018,A2+,2.459012029769722,168,cs
1019,A2+,2.5416269063173824,178,cs
1020,B1,2.6711471747443816,129,cs
1021,A2+,2.538701700450253,127,cs
1022,B1,2.1961048840851314,153,cs
1023,A2+,3.3114686871122267,206,cs
1111,A2+,3.143510749949764,114,cs
1112,A2+,3.683773742217405,160,cs
1113,A2+,3.5979612153081897,140,cs
1114,B1,3.0838912489455708,133,cs
1115,A2+,4.576659365858695,156,cs
1116,A2+,2.4406920668316614,140,cs
1117,A2+,3.1348302803266326,104,cs
9999,A2,2.2074504267317416,99,cs
BER0609003,B1+,3.51039385252146,227,cs
BER0611003,B1+,3.7141293328204767,175,cs
BER0611005,B1+,3.455423595992594,184,cs
BER0611006,B1+,4.728408238377718,173,cs
BER0611007,B1+,4.496063024508199,196,cs
KYJ0611003A,A2,2.38862973824063,62,cs
KYJ0611004A,A2,2.670065235528858,63,cs
KYJ0611005A,A2,2.081257136193593,58,cs
KYJ0611005B,A2,3.028988830416873,85,cs
KYJ0611006A,A2,1.8819538766147743,44,cs
KYJ0611006B,A2,3.6162749514702703,61,cs
KYJ0611009A,A2,2.1383993516883213,90,cs
KYJ0611009B,A2,3.1075143017307845,93,cs
LIB0611001A,A2,2.226063168249776,69,cs
LIB0611001B,A2,2.3036948020920254,70,cs
LIB0611002A,A2,3.030474681910308,51,cs
LIB0611002B,A2,3.697409394725696,60,cs
LIB0611003A,A2,2.791127048304688,64,cs
LIB0611004A,A2,1.8097558644379232,44,cs
LIB0611004B,A2,3.646390102793984,74,cs
LIB0611011,A2+,4.962221863950099,137,cs
LON0610002A,A2+,3.1089618017604868,58,cs
LON0610002B,A2+,3.1703663276106493,73,cs
LON0611002A,A2,2.239808553895148,43,cs
LON0611002B,A2,3.015597951297928,63,cs
LON0611003,B2,4.434931506943431,200,cs
LON0611004A,A2,3.010972109066516,65,cs
LON0611004B,A2,4.540877994686826,114,cs
MOS0509001,B1,3.461179273652302,216,cs
MOS0509004,B1,3.506884770042617,203,cs
MOS0611012,B1+,3.5696073410853875,170,cs
MOS0611013,B1+,4.404478169546213,192,cs
MOS0611014,A2+,4.291806176970891,173,cs
MOS0611015,B1+,3.487257594413562,215,cs
PAR1011008A,A2+,1.4297431933851006,71,cs
PAR1011009A,A2+,2.2774896692872577,57,cs
PAR1011009B,A2+,3.3403041233164306,101,cs
PAR1011013,B1+,4.813160610484914,172,cs
PAR1011014,B1+,5.431188877964631,185,cs
PAR1011015,B1+,5.44865076775533,124,cs
PAR1011016,B2,4.887268719394806,191,cs
PAR1011017,B2,4.193157574961235,136,cs
PAR1011018,B2,5.137256640663013,171,cs
PHA0111001A,A2,1.7718060498681234,43,cs
PHA0111001B,A2,3.4621539076897845,65,cs
PHA0111002A,B1,2.3481776420738383,49,cs
PHA0111002B,B1,3.3575214026290694,106,cs
PHA0111003A,A2,1.972487992708181,55,cs
PHA0111003B,A2,3.169941638997709,96,cs
PHA0111004A,A2,2.474367223703562,41,cs
PHA0111004B,A2,4.602303168736576,104,cs
PHA0111005A,A2+,2.059731013684301,44,cs
PHA0111005B,A2+,3.9992063966112816,85,cs
PHA0111010,B2,4.506223080650223,133,cs
PHA0111011,B1+,3.160611604706696,195,cs
PHA0111012,B1,4.136636281323874,180,cs
PHA0111014,A2+,4.369210684918524,159,cs
PHA0111016,B2,5.416106394056658,206,cs
PHA0111018,B1,5.56296489893321,199,cs
PHA0112002A,A2+,2.4469512564574654,59,cs
PHA0112002B,A2+,3.850997941144029,99,cs
PHA0112003A,A2,3.182698695038218,56,cs
PHA0112003B,A2,5.322736127414645,97,cs
PHA0112006A,B1+,3.487049115364823,77,cs
PHA0112006B,B1+,3.878515345955607,107,cs
PHA0112007A,A2,3.4081202232927126,59,cs
PHA0112007B,A2,3.0625835647286825,75,cs
PHA0112009A,B1,2.6158707673918284,71,cs
PHA0112009B,B1,3.4184780690627914,87,cs
PHA0112012A,A2+,3.3548560397302984,95,cs
PHA0112012B,A2+,2.9082443709881693,122,cs
PHA0209001,A2+,4.034822493309195,124,cs
PHA0209008,A2+,3.132530231526152,70,cs
PHA0209013,A2,2.5428438084860363,86,cs
PHA0209024,B1,3.9608120038496897,166,cs
PHA0209026,B2,4.627124367989564,257,cs
PHA0209028,B1+,4.1669632783423305,179,cs
PHA0209034,B1+,4.538248404967514,267,cs
PHA0209039,B1+,5.0875198157870924,213,cs
PHA0210001,A2,3.345343232459141,96,cs
PHA0210004,A2+,3.0012158395571205,53,cs
PHA0210007,A2+,3.4388414944348717,146,cs
PHA0210008,A2,2.74140055315733,93,cs
PHA0411008A,A2+,2.5526967152079,48,cs
PHA0411008B,A2+,4.6010360655531874,59,cs
PHA0411009A,A2,2.2664598304666628,62,cs
PHA0411009B,A2,3.5366612515314744,81,cs
PHA0411010A,A2,2.4979479943831486,42,cs
PHA0411010B,A2,3.298548422849079,81,cs
PHA0411011A,A2,1.7487974450618904,37,cs
PHA0411011B,A2,4.875137300436553,71,cs
PHA0411012A,A2,2.2503964487846915,50,cs
PHA0411012B,A2,5.985278115955303,71,cs
PHA0411027,B1,3.223473879776936,159,cs
PHA0411028,B1,3.0558905479898293,199,cs
PHA0411029,B1+,3.497344869185001,141,cs
PHA0411030,B2,4.497628480826868,226,cs
PHA0411031,B2,4.713613647528853,225,cs
PHA0411032,B1,3.649296729745509,185,cs
PHA0411033,B1+,3.4656984445641315,205,cs
PHA0411034,A2+,3.768487900426714,184,cs
PHA0411035,B2,2.920663920882611,182,cs
PHA0411036,B2,4.635566869700559,211,cs
PHA0411037,B1,3.515879819184147,134,cs
PHA0411038,B2,4.406382472951576,178,cs
PHA0411039,B1+,5.322809981617496,222,cs
PHA0411041,B2,3.068117583439618,159,cs
PHA0411042,B1,4.529556238845215,286,cs
PHA0411043,B1,4.523140991998504,191,cs
PHA0411045,B1+,4.3695023182496096,183,cs
PHA0411047,B1+,3.2594316327343367,214,cs
PHA0411051,B2,4.532754172606827,286,cs
PHA0411053,B2,4.715108930282793,211,cs
PHA0411054,B2,3.4911688604027646,224,cs
PHA0411055,B2,3.756666723051141,244,cs
PHA0411056,B2,3.3973495102703435,231,cs
PHA0411058,B2,4.225419141564469,224,cs
PHA0411059,B2,4.082932165092777,209,cs
PHA0411060,B1+,4.312230115279378,248,cs
PHA0411061,B2,4.2219362928972055,194,cs
PHA0411062,B1+,3.8181310025234216,124,cs
PHA0509002,A2,2.601740426176681,51,cs
PHA0509007,A2,3.970062648192621,78,cs
PHA0509013,A2,2.7581589661988644,75,cs
PHA0509015,B2,3.559249568218904,254,cs
PHA0509017,B1+,3.90659121639211,210,cs
PHA0509018,B2,3.538946450416338,224,cs
PHA0509019,B1+,4.73397423254161,411,cs
PHA0509020,B2,4.32654421345794,217,cs
PHA0509021,B1,3.795018023722625,202,cs
PHA0509024,B1+,4.207267996175719,324,cs
PHA0509026,B2,5.400412303285665,210,cs
PHA0509027,B1,4.551581514495083,343,cs
PHA0509028,B2,4.288848391902826,245,cs
PHA0509030,B2,3.655527126331025,260,cs
PHA0509031,B1,3.981480978622848,219,cs
PHA0509032,B1+,4.8801739634389945,262,cs
PHA0509033,A2+,3.83428553388333,203,cs
PHA0509034,B1,3.5899057705697164,246,cs
PHA0509035,B1+,4.046135504709989,241,cs
PHA0509036,B2,4.088790680844444,198,cs
PHA0509037,B2,3.3872534989637595,264,cs
PHA0509038,B1,3.2933477653234378,210,cs
PHA0509039,B2,4.028762215459975,206,cs
PHA0509040,B1+,4.440253844350554,200,cs
PHA0509041,B1+,3.837529627887862,263,cs
PHA0509042,B2,3.187769662629241,193,cs
PHA0509043,B2,3.4927448613455336,293,cs
PHA0509044,B1+,3.6878009578721582,208,cs
PHA0509045,B1,3.3346853966787298,207,cs
PHA0510002A,A2+,3.428259237188847,61,cs
PHA0510002B,A2+,4.639033635297754,80,cs
PHA0510003A,A2,2.897100980449363,55,cs
PHA0510003B,A2,2.792469762799437,71,cs
PHA0510004A,A2,3.3585515951968463,54,cs
PHA0510004B,A2,3.4797781244724293,101,cs
PHA0510010A,A2,3.0851012343595743,57,cs
PHA0510010B,A2,3.887668412282285,75,cs
PHA0510013A,A2+,2.295322670664169,57,cs
PHA0510013B,A2+,2.966638465512764,97,cs
PHA0510023,B2,4.520247963141672,178,cs
PHA0510027,B1,4.19576837015086,153,cs
PHA0510029,B2,5.292314311333795,161,cs
PHA0510030,B1+,4.016717660709235,125,cs
PHA0510031,B1+,4.762109033844771,152,cs
PHA0510032,B2,4.554076004216036,156,cs
PHA0510034,B2,3.995087795386036,131,cs
PHA0510035,B2,3.3601837267238577,138,cs
PHA0510036,B2,7.373863961405183,163,cs
PHA0510037,B1,3.4953044937806586,84,cs
PHA0510038,B2,6.056228390661009,186,cs
PHA0510039,B1+,8.45166774159531,164,cs
PHA0510040,B1+,4.0349011758986135,149,cs
PHA0510046,B1,4.02174949513547,154,cs
PHA0510047,B1,4.315026719597373,160,cs
PHA0510048,B1+,3.7168372537226655,250,cs
PHA0510049,B1+,4.144895652554022,109,cs
PHA0510050,B1+,4.103698784668667,177,cs
PHA0610005A,A2,2.273449174408043,49,cs
PHA0610005B,A2,2.949274308606006,60,cs
PHA0610006A,A2,2.816513758388268,68,cs
PHA0610006B,A2,2.508639359437697,86,cs
PHA0610007A,A2,1.3589348678690485,37,cs
PHA0610007B,A2,3.939664743705861,65,cs
PHA0610015,B1+,4.569239698540931,212,cs
PHA0610016,B2,3.946422549746765,194,cs
PHA0610017,B2,4.774297901522377,242,cs
PHA0610018,B2,4.620341243329038,189,cs
PHA0610019A,A2+,3.118796555131825,65,cs
PHA0610019B,A2+,3.2971147710529345,98,cs
PHA0610025,B2,4.393526600162958,186,cs
PHA0610026,B2,3.8992427564021113,198,cs
PHA0709008,B2,4.287622115619961,160,cs
PHA0710009,B1+,5.23924792091648,173,cs
PHA0710010,B1+,4.151523348995071,177,cs
PHA0710011,B2,3.7916394347579816,181,cs
PHA0710012,B2,3.658925032295831,209,cs
PHA0710014,B2,4.212561252393543,243,cs
PHA0710015,B2,4.677564156347488,168,cs
PHA0710016,B2,3.625131074410026,230,cs
PHA0710017,B2,4.281880931156244,220,cs
PHA0710018,B2,4.858062489082955,207,cs
PHA0710019,B2,5.066070944037455,182,cs
PHA0710021,B2,4.374113283064656,193,cs
PHA0809009,B1+,3.633573858006384,254,cs
PHA0809010,B1,3.900725440901615,247,cs
PHA0810001,B2,4.036227666521492,176,cs
PHA0810002,B1,3.428323962072009,189,cs
PHA0810003,B1+,3.7462112333218607,222,cs
PHA0810004,B1+,4.220887831634884,173,cs
PHA0810006,B1+,4.160137646871452,187,cs
PHA0810008,B1+,3.9533869010349294,166,cs
PHA0810009,B2,4.203885032032898,188,cs
PHA0810010,B1+,3.9930091499575497,189,cs
PHA0810011,B1+,4.394723286690887,180,cs
PHA0810012,B1+,3.848898244606344,186,cs
PHA0810015,B2,3.8201386115857634,214,cs
PHA0811010,B1+,4.611474991556957,178,cs
PHA0811013,B2,3.917788964272581,210,cs
PHA0811014,B1+,4.180293610652249,159,cs
PHA0811016,B1+,4.032611739327182,161,cs
PHA0811017,B2,3.9807533283765615,198,cs
PHA0811019,B2,2.9354138255239235,190,cs
PHA0811020,B1,2.973935982907866,157,cs
PHA1109001,A2+,4.163149601203066,108,cs
PHA1109002,B2,3.914560138002838,224,cs
PHA1109003,B1,3.587938145403854,251,cs
PHA1109004,B2,3.3610233896367903,184,cs
PHA1109005,B1,4.843095133366744,218,cs
PHA1109006,B1,4.1712218889211465,256,cs
PHA1109007,B1,3.776860044849684,220,cs
PHA1109008,A2,2.434987132180913,75,cs
PHA1109023,A2+,2.9455885418048324,73,cs
PHA1109025,A2,3.0228526178602197,84,cs
PHA1109026,B2,4.094838579493011,221,cs
PHA1109027,B2,3.3755727578791253,258,cs
PHA1109028,B1+,5.606382746490991,242,cs
PHA1110001A,A2+,3.620796979828675,67,cs
PHA1110001B,A2+,2.9989283603576435,106,cs
PHA1110002A,B1,3.1522399781826227,98,cs
PHA1110002B,B1,3.288885156604894,94,cs
PHA1110003A,A2,2.4230294325198733,72,cs
PHA1110003B,A2,2.984590119603939,57,cs
PHA1110004A,A2+,1.9126003923391044,42,cs
PHA1110013,B1+,4.319639687199118,170,cs
PHA1110014,B1+,3.527590961423315,177,cs
PHA1110015,B2,4.062434724076401,209,cs
PHA1110016,B1,3.508625219881828,181,cs
PHA1110017,B1+,2.9887893785482964,153,cs
PHA1110019,B1+,4.046337618599349,179,cs
PHA1110021,B1+,3.8215067021482807,245,cs
PHA1110022,B2,4.66129806173946,232,cs
PHA1111001A,A2+,1.8426797171506293,78,cs
PHA1111001B,A2+,2.778213802391025,61,cs
PHA1111002A,A2,1.463850074667412,37,cs
PHA1111002B,A2,2.020395353723194,54,cs
PHA1111003A,A2+,3.017480775226947,53,cs
PHA1111003B,A2+,2.9960747189014243,74,cs
PHA1111004A,A2,2.8301912298794463,46,cs
PHA1111004B,A2,3.589803523672422,62,cs
PHA1111006A,A2,1.9464567787342504,42,cs
PHA1111006B,A2,2.9909765735956304,75,cs
PHA1111008A,A2+,1.9262073487864533,51,cs
PHA1111008B,A2+,3.147645200733204,77,cs
PHA1111009A,A2,1.9604284655305249,53,cs
ST071122B,A2,2.381249676440698,62,cs
TI071122B,A2+,3.694921088928,60,cs
VAR0209036,B1+,3.4972468288184544,204,cs
VAR0909003,B1+,4.684360612364648,230,cs
VAR0909004,B1+,4.620327021070828,247,cs
VAR0909005,B1,3.426542790720591,212,cs
VAR0909006,B2,4.055992560550441,239,cs
VAR0909007,B1+,5.6431381852201605,296,cs
VAR0909008,B1+,4.232660300472841,256,cs
VAR0909009,B2,3.808763667155062,306,cs
VAR0909010,B1+,3.4816219222856177,204,cs
VAR0910004,B2,4.31454283577521,177,cs
VAR0910005,B1+,3.761898231098944,201,cs
VAR0910006,B1+,4.108345198985749,192,cs
VAR0910007,B1+,3.7665271115918784,266,cs
VAR0910009,B2,3.852365853191448,245,cs
VAR0910010,B2,3.74791209017556,117,cs
VAR0910011,B1+,3.812461354113223,195,cs
1023_0001416,B2+,4.764580517279152,161,de
1023_0001418,B2,4.0111096719055,164,de
1023_0001419,B2,4.8919787767407055,161,de
1023_0001420,B2,5.497848256765365,186,de
1023_0001422,B1+,5.729794081527086,200,de
1023_0001423,B1+,5.266634516370212,128,de
1023_0001575,B2,6.291101698249335,139,de
1023_0101675,B2,7.073020488545943,129,de
1023_0101683,B2,4.948252792210703,123,de
1023_0101684,B1+,4.394846137601098,102,de
1023_0101688,B2,5.234050454873703,148,de
1023_0101689,B1,4.729559346562517,105,de
1023_0101690,B1,6.366022973582447,151,de
1023_0101691,B2,8.03227370632042,122,de
1023_0101693,B2+,6.6432385415140605,185,de
1023_0101694,B2,8.484471451293535,129,de
1023_0101695,B1+,7.683373954099849,95,de
1023_0101700,B2,5.035783880770731,122,de
1023_0101701,B1+,5.366414968527883,116,de
1023_0101749,B2+,5.37643769715207,169,de
1023_0101751,B2,6.3736066490959535,170,de
1023_0101752,B2,7.073124954179739,154,de
1023_0101753,B2,6.57471892838226,149,de
1023_0101841,B1+,5.989513385142359,201,de
1023_0101843,B2,5.257684271458007,125,de
1023_0101844,B1+,3.648364753935287,176,de
1023_0101845,B2,5.5974230679923,154,de
1023_0101846,C1,7.149046318975479,175,de
1023_0101847,B2,5.090948699489361,158,de
1023_0101848,B1,6.967478571235346,112,de
1023_0101849,B2,5.441362601585496,149,de
1023_0101851,B2,4.910782693259077,163,de
1023_0101852,B2,6.743090049047876,151,de
1023_0101853,B1+,4.58693670383924,172,de
1023_0101854,B1,5.759265732134894,122,de
1023_0101855,B1,6.015300542660212,183,de
1023_0101856,B1+,7.372232804884033,132,de
1023_0101893,B2+,6.511671018409831,171,de
1023_0101894,B1+,6.386156092510546,150,de
1023_0101895,B2,7.052873238791956,173,de
1023_0101896,B1+,4.690730292017748,115,de
1023_0101897,B1+,6.143553047868097,141,de
1023_0101898,B2+,6.876907205739516,165,de
1023_0101899,B1+,7.603218250457836,111,de
1023_0101900,B2,5.265861410155672,166,de
1023_0101901,B2,7.819945730915291,207,de
1023_0101904,B1,3.8877354916536335,148,de
1023_0101906,B1+,4.563460459811863,138,de
1023_0101907,B2+,6.109629346761023,255,de
1023_0101909,C1,6.423883011912724,152,de
1023_0102117,B2,5.286233858602126,151,de
1023_0102118,B2,4.310600358209205,165,de
1023_0103821,B2,6.062987818612441,168,de
1023_0103822,B1,8.185376163350588,88,de
1023_0103823,B2+,5.940948914235902,196,de
1023_0103824,B2,5.933036302143737,268,de
1023_0103825,B2,4.322509372652807,170,de
1023_0103826,B2,5.713124632289884,298,de
1023_0103827,B2,4.849796614873671,181,de
1023_0103828,A2+,4.599905416820166,66,de
1023_0103829,B1+,4.97189412176649,178,de
1023_0103830,B2,5.538298313087787,180,de
1023_0103831,B2,5.624248003377251,145,de
1023_0103832,B1+,5.059147525772191,128,de
1023_0103833,C1,6.893415431587825,251,de
1023_0103834,B2,4.979309969225909,180,de
1023_0103836,B2,6.865394699932792,186,de
1023_0103837,B2,6.021777621952366,168,de
1023_0103838,B2,5.238709486319607,186,de
1023_0103839,B2,4.9210747758938735,152,de
1023_0103840,B2,6.394161649465248,137,de
1023_0103841,B2+,6.373032840572166,175,de
1023_0103843,B1+,5.272779262167617,115,de
1023_0103844,C1,6.576942231485824,164,de
1023_0103880,B2,5.232342119917416,149,de
1023_0103883,B2,6.210679723357365,173,de
1023_0103955,B2+,3.908282499923761,189,de
1023_0104203,B2,4.341198883406888,141,de
1023_0104206,B2,4.106198050973399,149,de
1023_0104207,B1+,5.238900952908557,153,de
1023_0104209,B2,4.576986562350517,200,de
1023_0106816,B2,5.055619228374147,143,de
1023_0107042,B2,5.317239927541896,189,de
1023_0107074,B2+,4.549468858600871,179,de
1023_0107075,B1+,5.868026767439702,152,de
1023_0107244,B2,5.187768689694632,179,de
1023_0107672,B1+,4.950509274367599,187,de
1023_0107682,B1,1.9684839504924436,145,de
1023_0107725,B1+,5.405233097101744,129,de
1023_0107726,B2,4.548245079080677,153,de
1023_0107727,B2+,4.910895172166705,128,de
1023_0107729,B2,6.588670809684845,163,de
1023_0107740,B2,6.791757275932136,141,de
1023_0107773,B1+,5.1451716302791946,130,de
1023_0107780,B2,4.418017754766632,200,de
1023_0107781,B2,5.174653095132525,175,de
1023_0107783,B2,4.815578434558299,122,de
1023_0107784,B1,2.953073528843855,80,de
1023_0107787,B1+,4.135413783750669,147,de
1023_0107788,B2,5.251372365621325,202,de
1023_0108304,B2,5.356983377564127,208,de
1023_0108305,B2,4.459861584343242,245,de
1023_0108306,B2+,5.7162608809596245,176,de
1023_0108307,B2,6.314024311906143,213,de
1023_0108422,B2,4.097723067321387,207,de
1023_0108423,B2,6.395764803271858,145,de
1023_0108426,B1+,4.571338964600548,205,de
1023_0108510,B2,4.7726393372516815,177,de
1023_0108518,B2,4.424989371960391,153,de
1023_0108520,B2,5.011877087407609,259,de
1023_0108641,C1,6.097503337959471,204,de
1023_0108648,B2,4.546067226849878,210,de
1023_0108649,B2,6.31797560825145,210,de
1023_0108650,B2,4.200799101743528,130,de
1023_0108751,B2,4.91638540862642,197,de
1023_0108752,B2,5.714749568201242,224,de
1023_0108753,B1+,4.455953911860402,165,de
1023_0108766,B1+,6.008273257192236,154,de
1023_0108810,B2,4.997895114601102,246,de
1023_0108811,B2,6.100372840267358,185,de
1023_0108812,B1+,5.168970971832861,181,de
1023_0108813,B2,6.531037035765293,253,de
1023_0108814,B2,4.661483167481674,191,de
1023_0108815,B2,5.122841655230249,178,de
1023_0108885,B1+,5.13578032634771,195,de
1023_0108886,B2,7.085775308509911,173,de
1023_0108887,B1,5.978077446091547,130,de
1023_0108888,B2,5.599917946620911,209,de
1023_0108889,B2,5.832518042418439,219,de
1023_0108890,B2,5.400246688353564,167,de
1023_0108908,B2,5.525965251304332,242,de
1023_0108931,B2,4.797884910123993,168,de
1023_0108932,B1+,4.588451062553067,166,de
1023_0108933,B2,4.973599631397575,183,de
1023_0108934,B2,4.96025497702189,200,de
1023_0108935,B1+,4.036315118181004,149,de
1023_0108955,B2+,6.2859893435133065,195,de
1023_0108958,B1+,7.297273435174,192,de
1023_0108992,B2,5.207864911829644,183,de
1023_0108993,B2,4.965357007839822,261,de
1023_0109022,B2,4.882818624472017,204,de
1023_0109026,B1,5.223326262387361,195,de
1023_0109027,B1+,8.178027652030654,180,de
1023_0109029,A2+,4.650362482873625,79,de
1023_0109030,B2,5.488250766763339,219,de
1023_0109033,C1,5.40544016952392,182,de
1023_0109038,B2,5.020206032740828,194,de
1023_0109039,B2,5.344023524600727,270,de
1023_0109096,B2,5.251898363529452,182,de
1023_0109151,B2,6.530759110296816,209,de
1023_0109192,B2,4.611147955490813,187,de
1023_0109247,B2+,6.515725898329657,202,de
1023_0109248,B1,5.781985289365495,154,de
1023_0109249,B2,6.127479076027503,205,de
1023_0109250,B1+,4.73313360133039,132,de
1023_0109267,B1+,4.733792833826302,166,de
1023_0109391,B1+,5.296989298101427,160,de
1023_0109392,B2,5.557645732704279,168,de
1023_0109395,B1,6.908931394345828,140,de
1023_0109396,B1+,4.745099696431016,190,de
1023_0109399,B1,6.0081721098316025,156,de
1023_0109400,B2,5.986336511904391,132,de
1023_0109401,B2,6.2202534335478585,160,de
1023_0109402,B1+,6.430230709743361,191,de
1023_0109422,B2,4.937305540537503,153,de
1023_0109495,B2,4.233167390562146,228,de
1023_0109496,B2,4.2534863819811815,250,de
1023_0109500,B1+,6.595031048435606,184,de
1023_0109505,B2,6.673299775330199,200,de
1023_0109515,B2,6.730054760647079,210,de
1023_0109516,B2,4.106425561775357,178,de
1023_0109518,B1,4.699688577982021,108,de
1023_0109519,B1+,4.460690216539192,124,de
1023_0109520,B1+,5.233814348415307,168,de
1023_0109522,B2,4.923413187070992,193,de
1023_0109524,B2,7.42897873516914,212,de
1023_0109527,B2,5.577540821536032,167,de
1023_0109528,B2,5.047942647330164,187,de
1023_0109588,B2,5.336650400317636,225,de
1023_0109590,B1+,6.107552570281872,175,de
1023_0109591,B2,5.278143858850996,174,de
1023_0109606,B2,4.183675542596231,147,de
1023_0109609,B1,5.847662947812786,146,de
1023_0109614,B1,4.521057361184403,136,de
1023_0109649,B2,4.7156662793084125,197,de
1023_0109651,B2,4.92589517639257,201,de
1023_0109671,B2,6.207043312033999,156,de
1023_0109674,B2,4.957780768877113,167,de
1023_0109716,B2,5.305729266309078,172,de
1023_0109717,B2,5.912930670435875,190,de
1023_0109721,B1+,5.098963807020051,199,de
1023_0109878,B1+,3.7215778502425305,143,de
1023_0109880,B2+,3.8156221325078863,160,de
1023_0109890,B2+,4.925434891635626,180,de
1023_0109891,B2,4.377220560954643,185,de
1023_0109914,B1+,4.929019839182606,148,de
1023_0109915,B1,5.915161181252491,88,de
1023_0109917,B2,4.148804819613584,185,de
1023_0109945,B2+,4.885286493717921,150,de
1023_0109946,B1+,6.272522847305547,190,de
1023_0109947,B1+,5.196291879198024,178,de
1023_0109951,B1+,5.112036986578483,226,de
1023_0109954,B2,4.7264767471407,210,de
1023_0111896,B1+,4.511767403896259,212,de
1031_0001703,C1,5.482164009121866,213,de
1031_0001949,B2+,5.775810180882644,204,de
1031_0001950,B2+,4.877541657166827,205,de
1031_0001951,B1+,5.5953538353231576,193,de
1031_0001997,B2,4.882465831154165,178,de
1031_0001998,C1,5.919386082128335,171,de
1031_0002002,B1+,5.236678873108028,122,de
1031_0002003,B2,5.111885167713065,262,de
1031_0002004,B2+,6.245624166058135,185,de
1031_0002005,B2+,6.44210728997324,215,de
1031_0002006,C1,4.79307610099011,219,de
1031_0002010,B2,5.65750334202944,209,de
1031_0002011,C1,7.231333265305127,163,de
1031_0002032,B2,6.499117631004428,238,de
1031_0002036,C1,7.428768171584091,295,de
1031_0002040,C1,6.567324768197817,218,de
1031_0002042,B2+,5.827273275677878,288,de
1031_0002043,C1,6.249848085187896,215,de
1031_0002061,B2,5.291459624344383,228,de
1031_0002079,C1,7.396563161153476,293,de
1031_0002083,B2,5.249583298369113,221,de
1031_0002084,B2+,6.246189532396325,201,de
1031_0002085,B2+,6.012188233852786,223,de
1031_0002086,B2,5.668474977316766,166,de
1031_0002087,B2+,4.957131145397009,239,de
1031_0002088,B2+,4.299036639746638,255,de
1031_0002089,B2+,5.402272238660279,233,de
1031_0002091,B2+,6.622622029375476,284,de
1031_0002092,C1,6.121746696387217,258,de
1031_0002131,B2,4.936955203070415,308,de
1031_0002184,B2,4.899077381362207,218,de
1031_0002185,B2+,4.981753351658349,293,de
1031_0002187,B2+,6.722771144406001,178,de
1031_0002195,B2,5.715855388089362,212,de
1031_0002196,B2+,5.39652168876069,94,de
1031_0002197,B2+,5.190667429344041,217,de
1031_0002198,B2+,4.899570724043394,244,de
1031_0002199,B2+,5.85098945056562,211,de
1031_0002200,B1+,3.575610579997352,138,de
1031_0003012,B2+,6.416372774574711,274,de
1031_0003013,C1,6.405603451512499,226,de
1031_0003023,B2,6.133729702450265,313,de
1031_0003029,B2,4.636923164120396,219,de
1031_0003035,B2,6.119158976211816,247,de
1031_0003042,B2,6.391321612476729,168,de
1031_0003043,C1,6.170048058385476,216,de
1031_0003048,C1,6.4742652857408105,193,de
1031_0003052,B2+,6.81885655179931,175,de
1031_0003053,B2+,5.712645138407612,221,de
1031_0003054,B2,5.354026473305975,238,de
1031_0003063,C1,5.353582811005466,213,de
1031_0003065,B2,5.1924134909741175,187,de
1031_0003071,B2,6.088607327865956,195,de
1031_0003072,B2,5.376865876948745,224,de
1031_0003073,C1,7.04149584721787,308,de
1031_0003074,B2+,6.677614121510104,240,de
1031_0003076,C1,5.380424918982234,229,de
1031_0003077,B2,6.557052543862526,247,de
1031_0003078,B2,4.436249874310144,244,de
1031_0003085,B2,5.7738709064786295,152,de
1031_0003088,C1,3.9865097610133344,182,de
1031_0003090,B2+,5.8088820635063545,176,de
1031_0003091,B1+,4.645868006889402,269,de
1031_0003092,B1+,6.408183175650157,180,de
1031_0003095,B2,7.064990755643977,238,de
1031_0003097,B2+,5.004907448191041,229,de
1031_0003098,C1,5.797961576399824,257,de
1031_0003099,B2,4.700550422671474,221,de
1031_0003106,B2,5.03622901518381,214,de
1031_0003121,B2+,4.656240071291213,224,de
1031_0003126,B2+,5.334726253397644,239,de
1031_0003127,C1,6.418975015694702,215,de
1031_0003128,C1,6.281294781075284,230,de
1031_0003129,B2+,6.200675991159887,184,de
1031_0003130,C1,5.440439553010686,204,de
1031_0003131,B2+,6.266027831458249,208,de
1031_0003132,B2+,6.261845977893426,213,de
1031_0003133,C1,5.995945833708076,222,de
1031_0003135,B2,5.728446473878057,253,de
1031_0003136,C1,6.366105696218469,291,de
1031_0003140,B2+,6.040789085017666,210,de
1031_0003141,B2,5.480984084105283,255,de
1031_0003144,B2,5.52516041144593,261,de
1031_0003145,B2+,5.034263752551742,216,de
1031_0003146,C1,6.142490419715965,369,de
1031_0003149,B2+,4.94680419914051,109,de
1031_0003150,B2+,6.860665886557753,243,de
1031_0003154,B2+,5.604209581120543,131,de
1031_0003155,B2+,6.596696421487758,186,de
1031_0003156,B2,6.336413667262972,200,de
1031_0003157,C1,6.133322152026729,305,de
1031_0003160,B2,4.860640079623885,160,de
1031_0003161,B2+,5.0160412423358105,358,de
1031_0003162,B2+,4.2720003893330105,231,de
1031_0003163,B2,3.651081836444868,255,de
1031_0003164,B2+,5.0010630234918905,111,de
1031_0003165,B1+,4.073194841317348,155,de
1031_0003166,B1+,3.9699746338381567,248,de
1031_0003167,B2,5.360025925231617,267,de
1031_0003169,B2,9.770042710287704,262,de
1031_0003170,B2,3.96215226546755,218,de
1031_0003172,B2,5.277794766316653,256,de
1031_0003173,B2,4.586980843111861,194,de
1031_0003174,B2+,7.413572049808335,169,de
1031_0003179,B2+,5.200306444987082,275,de
1031_0003180,C1,4.619218387684261,245,de
1031_0003181,C1,6.258987543243454,223,de
1031_0003182,C1,5.845375470977654,269,de
1031_0003183,C1,5.12067330532126,201,de
1031_0003184,C1,6.276778779012054,188,de
1031_0003185,B2,5.753641894303514,132,de
1031_0003186,B2+,5.058124562027696,245,de
1031_0003187,B2,5.213188541945974,197,de
1031_0003189,B2+,5.725885205739296,227,de
1031_0003190,B2,8.287568405657929,205,de
1031_0003191,B2,6.121306634482334,314,de
1031_0003203,B1,3.957067611444909,185,de
1031_0003205,B2,6.613694472000988,188,de
1031_0003206,B2,4.1765520179511,190,de
1031_0003207,C1,6.595619786657642,161,de
1031_0003211,B1+,6.032138336257325,208,de
1031_0003212,B1+,4.923319802975272,241,de
1031_0003214,B2,8.322740454108047,229,de
1031_0003215,B1+,5.333081167249063,206,de
1031_0003216,B2,5.338753459996572,212,de
1031_0003217,C1,6.333679348716357,270,de
1031_0003218,B2+,5.815248559109778,226,de
1031_0003219,B2,5.288624058725663,215,de
1031_0003220,B2,5.039693612300121,149,de
1031_0003221,B1+,4.174940802079509,191,de
1031_0003224,B2,5.8539517637175535,245,de
1031_0003225,B2,4.825395271188445,204,de
1031_0003226,B2+,7.04358012905024,217,de
1031_0003228,B1+,6.1642823938634725,193,de
1031_0003230,B2,6.530653980234921,198,de
1031_0003231,B2,5.931219422011269,192,de
1031_0003232,B1+,6.121121774853465,226,de
1031_0003233,B2,4.863172598059164,227,de
1031_0003234,B2,7.093755824026351,236,de
1031_0003235,B2+,6.528905302960849,199,de
1031_0003236,B2,5.2857107231491405,213,de
1031_0003237,B2,4.735982500273192,212,de
1031_0003238,B2+,5.097422672477982,174,de
1031_0003239,C1,6.415515964153959,340,de
1031_0003240,B1+,5.081617462737631,237,de
1031_0003241,B1+,5.583539952018768,226,de
1031_0003242,B2,6.933198205359087,219,de
1031_0003243,B2,5.012563688442276,176,de
1031_0003244,C1,7.036123436576027,242,de
1031_0003245,B2,5.612014783266909,257,de
1031_0003246,B2,5.083622132548361,200,de
1031_0003249,B2,5.40508936447398,229,de
1031_0003260,B2+,5.9077216107601975,227,de
1031_0003261,B2,7.433071262332628,269,de
1031_0003262,B2,7.495142333567434,220,de
1031_0003272,B2,5.336281029400552,231,de
1031_0003273,B2,4.898049190262745,255,de
1031_0003274,B2,6.110735685470574,216,de
1031_0003309,B2,5.998847421112012,264,de
1031_0003310,B2,5.057813490378671,205,de
1031_0003313,B2+,5.518295096352011,174,de
1031_0003314,B2+,5.516529882997983,231,de
1031_0003315,B2,5.191241619719574,347,de
1031_0003327,B1+,7.159510644607707,220,de
1031_0003330,B2,9.306161161764756,286,de
1031_0003331,B2,6.906299702817068,176,de
1031_0003336,B2,4.367592404350956,262,de
1031_0003337,B2+,4.68101423436224,230,de
1031_0003338,B2+,4.801659665400996,171,de
1031_0003339,B2,5.784674987008937,179,de
1031_0003352,B1+,4.596990715703112,204,de
1031_0003353,B1+,6.312949324486001,156,de
1031_0003354,B2,4.383605896167929,202,de
1031_0003355,B2,5.377064687567531,232,de
1031_0003356,B2,5.563101705252377,223,de
1031_0003357,B2,7.585106114098033,231,de
1031_0003358,C1,5.954257406361093,233,de
1031_0003359,B1+,5.099625090492204,275,de
1031_0003365,B2,5.391657713585389,213,de
1031_0003366,B2,4.9464866234635805,198,de
1031_0003367,B2+,5.7529445281008,227,de
1031_0003368,B2,6.549219784322866,253,de
1031_0003369,B2+,7.191131071891597,249,de
1031_0003383,B2,5.400364855967358,160,de
1031_0003384,B1+,3.9610802415695376,283,de
1031_0003386,B1+,4.981314636034051,191,de
1031_0003387,B2+,7.348209038772363,298,de
1031_0003388,B2,6.543202071261707,218,de
1031_0003389,B2,6.182116126766002,240,de
1031_0003390,B2+,4.9201663677269565,232,de
1031_0003391,B1+,6.11654463305847,207,de
1031_0003392,B2+,5.39428913308657,256,de
1031_0003393,B2+,6.212410710403361,198,de
1031_0003407,B2,5.433159388714247,189,de
1031_0003408,B1+,6.539813693398333,229,de
1031_0003409,C1,6.540768464969001,154,de
1031_0003410,B2,4.876239408826871,218,de
1031_0003414,B2,6.180510864419484,195,de
1031_0003415,C1,6.147791854737416,205,de
1031_0003419,B2,5.002542433488478,181,de
1061_0012029,B2,4.791322362332542,79,de
1061_0120271,B1,3.7653958136681904,77,de
1061_0120272,A2+,3.418825209708057,49,de
1061_0120273,A2+,3.265773518053747,91,de
1061_0120274,A2+,4.77868981636815,67,de
1061_0120275,B1,4.314389364134111,147,de
1061_0120276,B1,3.282948480396574,115,de
1061_0120277,A2,3.1456064425207573,71,de
1061_0120278,B1,3.6350283831767274,89,de
1061_0120279,A2+,3.6488013209998815,84,de
1061_0120280,A2,4.283237578416556,48,de
1061_0120281,A2+,4.372539996590878,63,de
1061_0120282,A1,5.023211517087666,34,de
1061_0120283,A2,2.9174006127774263,40,de
1061_0120284,A1,3.592794782514781,26,de
1061_0120285,A2+,2.623703865124757,85,de
1061_0120286,A2,4.432922828333145,43,de
1061_0120287,A2,3.9016745302197497,80,de
1061_0120288,B1,3.741394895473951,75,de
1061_0120289,A2+,4.458561202616894,89,de
1061_0120290,A2+,5.078031466285732,100,de
1061_0120291,A2,4.194449198347287,49,de
1061_0120295,A1,3.829250097793949,61,de
1061_0120296,B1,3.9370272223383735,94,de
1061_0120297,B1,4.79088809585549,92,de
1061_0120298,B1,4.019019096082949,75,de
1061_0120299,B1,3.241195004153944,102,de
1061_0120300,B1,7.196914979994349,101,de
1061_0120301,B1,3.839707845931658,73,de
1061_0120302,A2,5.434202568362828,89,de
1061_0120303,A2,4.791599974033528,58,de
1061_0120304,B1,5.193417990557039,96,de
1061_0120306,B2,3.4239798750916366,82,de
1061_0120307,B1,4.912877300696064,106,de
1061_0120308,B1+,2.9923267679894234,114,de
1061_0120309,A2+,2.94657726219201,41,de
1061_0120310,B1+,4.685953762628188,87,de
1061_0120311,B2,3.4235538781485486,103,de
1061_0120312,A2,2.773628814094837,42,de
1061_0120313,B1,2.8603164311221554,44,de
1061_0120314,B1,5.838837988752962,108,de
1061_0120315,B1,6.141448509658256,71,de
1061_0120316,B1,4.276495607399478,90,de
1061_0120317,B1+,4.5021818860441805,130,de
1061_0120318,B1,3.561534710193534,128,de
1061_0120319,B1+,4.613978759342853,114,de
1061_0120320,B2,4.214343031939502,184,de
1061_0120321,B1,3.714171456297545,64,de
1061_0120323,A2+,4.69230514278174,110,de
1061_0120324,B1,3.460066231644908,102,de
1061_0120325,B1,3.3128698441019644,132,de
1061_0120326,B1,4.056998395580702,134,de
1061_0120327,B1+,3.0489719287559,159,de
1061_0120328,A2+,3.7739389659529534,84,de
1061_0120329,B1,3.69096991184115,162,de
1061_0120330,B1+,4.030393735433039,139,de
1061_0120331,A2,2.098428404311571,58,de
1061_0120332,A2+,2.7422995231344305,80,de
1061_0120333,B1+,6.752136135741544,180,de
1061_0120334,B1+,4.715130028798724,167,de
1061_0120335,B1+,4.1128894801618445,192,de
1061_0120336,A2,3.763664171711345,83,de
1061_0120337,B1+,5.014064188548144,149,de
1061_0120338,A2+,5.038895837056167,107,de
1061_0120341,A2+,3.642328338617367,65,de
1061_0120343,B1,3.1636146293738343,96,de
1061_0120345,B1,3.974477741001969,95,de
1061_0120346,B1,3.2452484941728947,89,de
1061_0120347,A2+,7.1261553930751615,125,de
1061_0120348,A2,2.448580203254657,33,de
1061_0120349,A2,5.128229840012342,48,de
1061_0120350,B1+,4.10256576425557,119,de
1061_0120351,B1,3.8854753275702514,187,de
1061_0120352,A2,4.384811456222082,60,de
1061_0120353,A2,4.897298723809071,45,de
1061_0120354,A2+,3.2882421199111205,75,de
1061_0120355,A2,3.641546529566447,42,de
1061_0120356,B1,4.892368627874456,116,de
1061_0120357,B2,4.222085877537146,166,de
1061_0120358,A2,4.866547673561447,91,de
1061_0120359,A2+,3.050115577774993,92,de
1061_0120360,B2,4.693703685751318,172,de
1061_0120361,B1+,3.2966006393049385,121,de
1061_0120366,B2,5.4041103461014,125,de
1061_0120367,B2,4.5671127539834,72,de
1061_0120368,B1,4.179478446538293,107,de
1061_0120369,B1,5.618425139607404,104,de
1061_0120370,B1,5.241259142472947,204,de
1061_0120371,B2,3.536780968238895,262,de
1061_0120372,B1,3.190786535216089,91,de
1061_0120373,B1,3.838557707822448,144,de
1061_0120374,B1+,7.789829237099297,178,de
1061_0120375,B1,3.7663985982034536,82,de
1061_0120376,B1,3.5721518699830472,115,de
1061_0120382,A2+,3.974878080608572,110,de
1061_0120383,B1+,4.336956264855201,163,de
1061_0120384,A2+,3.5186606429874163,68,de
1061_0120386,A2,4.381083357737918,74,de
1061_0120387,A2+,4.010096220181564,82,de
1061_0120388,A2+,5.164892651899482,130,de
1061_0120389,B1,4.106276582105194,95,de
1061_0120390,B1,5.40784569294247,116,de
1061_0120391,A2,3.781879430250701,59,de
1061_0120394,B1,3.74816576133134,96,de
1061_0120403,B2,3.6212757965558207,115,de
1061_0120404,A2+,5.2216521439458825,102,de
1061_0120405,B1+,4.801132615528331,119,de
1061_0120406,B1,4.681945219741073,121,de
1061_0120407,B2,3.879720145523064,108,de
1061_0120408,B1+,3.566194998924598,126,de
1061_0120409,B1+,5.18509944583951,102,de
1061_0120410,B1,6.060421581605135,90,de
1061_0120411,B2,3.398932694705092,159,de
1061_0120413,A2+,5.444016356511522,50,de
1061_0120414,B1+,4.141342640035408,105,de
1061_0120415,B1,3.3620791761219344,74,de
1061_0120421,B1,3.994949800935019,136,de
1061_0120423,B1+,4.477387341247275,203,de
1061_0120424,B1,3.150924736207249,163,de
1061_0120425,B1,4.981076130465601,109,de
1061_0120426,B1,3.723914325882265,215,de
1061_0120427,B1,5.760140367447,93,de
1061_0120428,B1,4.254579230497661,122,de
1061_0120429,B1+,4.130324804933073,193,de
1061_0120430,B1,5.302921611846929,95,de
1061_0120431,B1+,5.0651053449144525,123,de
1061_0120432,B1,3.675365205239481,121,de
1061_0120433,A2,7.3874118265970194,96,de
1061_0120438,B1+,3.4324023267526065,162,de
1061_0120439,A2+,4.873874222311055,54,de
1061_0120440,A2,5.049903520417461,64,de
1061_0120441,B1,4.096325461286668,101,de
1061_0120442,B1+,3.2981225735515727,113,de
1061_0120443,A1,2.668129947483518,17,de
1061_0120448,B2,2.6596769649347043,123,de
1061_0120449,B1+,3.2276775064603136,92,de
1061_0120450,B1,3.581771723086823,74,de
1061_0120453,B1,4.025996635389844,117,de
1061_0120455,B1,2.9522199719437565,82,de
1061_0120456,B1,3.293284178339728,142,de
1061_0120457,B1+,3.345201092985322,98,de
1061_0120458,B2,3.4285474241350213,182,de
1061_0120459,B1+,3.082879197485217,108,de
1061_0120460,B1,3.4844810924459155,90,de
1061_0120478,B1+,4.2084036025701,153,de
1061_0120479,B1,4.805218958198912,145,de
1061_0120480,B1,3.605740894102217,88,de
1061_0120481,B2,3.8268221346325983,213,de
1061_0120482,B1,4.042717387931001,135,de
1061_0120483,A2+,4.083111386360356,127,de
1061_0120484,B1,4.496881099233162,155,de
1061_0120485,B1+,3.808792216252166,134,de
1061_0120486,B1,3.55847686621185,111,de
1061_0120487,B1,3.7701988528166193,137,de
1061_0120488,B1,2.9883370509503004,107,de
1061_0120489,B1,4.023127506922415,132,de
1061_0120490,B1,3.6472232599405294,131,de
1061_0120491,B1,3.681806164155197,84,de
1061_0120492,B1+,3.3931059430273054,169,de
1061_0120493,B1,5.1194220026728,110,de
1061_0120494,B1,4.42134747093928,106,de
1061_0120495,B1,3.3013978886778887,126,de
1061_0120496,B1,7.385992115739334,114,de
1061_0120497,B2,4.089303807244658,165,de
1061_0120498,B1,3.472188978871684,160,de
1061_0120499,B1,4.568031781575912,126,de
1061_0120500,B1,3.5460284145623846,101,de
1061_0120853,B1,3.574826776031872,146,de
1061_0120855,A2+,3.931853563801336,89,de
1061_0120856,A2+,4.7939147677205565,103,de
1061_0120857,B1,3.858101346597425,93,de
1061_0120858,B1,3.484127210273981,96,de
1061_0120859,B1,4.248752234015168,155,de
1061_0120874,B1,3.407448474485513,102,de
1061_0120875,B2,3.573144648610533,187,de
1061_0120876,B1,2.83278568932504,105,de
1061_0120877,B1,4.290134665265394,83,de
1061_0120878,A2+,4.405983360774676,65,de
1061_0120880,B2,4.128701464016165,196,de
1061_0120881,B1+,3.902389082942682,197,de
1061_0120882,B2,3.8443140674931566,209,de
1061_0120883,B1,4.814568994218374,104,de
1061_0120884,B1,4.73409549762456,111,de
1061_0120885,B1,4.427307201503482,118,de
1061_0120886,B1,3.776708509834264,92,de
1061_0120887,A2+,4.578348792999525,92,de
1061_0120888,A2+,4.366487237467634,93,de
1061_0120889,A2,7.084036156653728,70,de
1061_0120890,A2,12.951962397053885,84,de
1061_0120894,B1,5.127051451435244,156,de
1061_1029111,B1,4.674746785939541,102,de
1061_1029112,B2,4.601309108113223,200,de
1061_1029113,A2+,3.7055404180180673,71,de
1061_1029114,A2+,4.999590451794963,98,de
1061_1029115,B1,5.347601644756069,77,de
1061_1029116,A2,3.970432620747504,97,de
1061_1029117,A2+,3.238873894535993,106,de
1061_1029118,A2+,5.312043554033302,85,de
1061_1029119,A2+,3.7227688074448135,89,de
1061_1029120,A2+,7.401123042166687,99,de
1061_1202910,B1+,4.143680167258998,114,de
1061_1202911,A2,4.9716384969779295,93,de
1061_1202912,B1,4.747109257121411,96,de
1061_1202913,B1,6.056733103774025,78,de
1061_1202914,A2+,2.9619817142459124,74,de
1061_1202915,A2,5.0178752364831976,71,de
1061_1202916,B1,4.277846863184198,99,de
1061_1202917,A2+,4.085817961504631,97,de
1061_1202918,A2+,4.183425634085888,123,de
1061_1202919,B1,4.068409779603784,72,de
1071_0020001,A2,3.1542423265728123,61,de
1071_0024678,A2,2.822893454859447,43,de
1071_0024680,B1,3.0872854317903,109,de
1071_0024681,B1,4.051896881361841,116,de
1071_0024682,B1,3.777538076577761,78,de
1071_0024683,A1,2.659169812017132,47,de
1071_0024685,B1,6.978472063400257,138,de
1071_0024686,B1,3.2677651007740334,74,de
1071_0024687,A2,9.806286893348,60,de
1071_0024688,A2+,5.192160409892603,78,de
1071_0024689,A2,3.1740328031913725,59,de
1071_0024690,A2+,3.2194890715039906,119,de
1071_0024691,A2+,2.893710214724342,124,de
1071_0024692,B1+,2.9313158039632907,111,de
1071_0024693,A2,4.238624924393422,70,de
1071_0024694,A2+,3.5122523378381394,83,de
1071_0024699,A2,4.425038756951385,82,de
1071_0024701,B1,3.474584967021382,90,de
1071_0024702,A2+,3.6297572161616425,62,de
1071_0024703,A2,2.357094336395181,42,de
1071_0024704,A2,3.5850723436669965,47,de
1071_0024705,A2+,5.922331996514722,67,de
1071_0024706,A2,3.4691933022013437,51,de
1071_0024708,A2,3.5147312968715165,49,de
1071_0024709,B1,2.7136279848407647,91,de
1071_0024710,A2,2.8422841015437936,39,de
1071_0024711,A2+,6.530615832949056,62,de
1071_0024712,A2,2.5990953183959737,52,de
1071_0024713,A2+,3.9834359291416512,57,de
1071_0024714,B1,2.834100207098657,64,de
1071_0024715,A2+,2.581172190352232,59,de
1071_0024716,A2,3.2267517144134072,34,de
1071_0024756,A2,2.840050119606038,60,de
1071_0024757,B1,3.607811067036426,106,de
1071_0024758,B1,3.730101989632407,72,de
1071_0024759,A1,4.175579197885791,36,de
1071_0024761,A2+,1.9368290771549117,52,de
1071_0024762,A2,3.635665998952621,43,de
1071_0024763,A2,6.571519452587174,36,de
1071_0024765,A1,2.44222548704199,32,de
1071_0024766,A2,1.983273432944828,36,de
1071_0024767,B1,2.9779047283365028,55,de
1071_0024768,A2,2.7258430916659218,51,de
1071_0024769,A1,2.28597343966528,35,de
1071_0024770,A2,3.05954915660215,45,de
1071_0024772,A1,5.3094821548576245,32,de
1071_0024773,A2,2.497885805054319,43,de
1071_0024774,A1,9.123471376170684,18,de
1071_0024775,A1,2.5337550420842767,43,de
1071_0024776,A1,11.004674744932196,23,de
1071_0024777,A2,2.567975638478651,64,de
1071_0024778,A1,4.467715154045971,65,de
1071_0024779,A2+,3.239592898077466,57,de
1071_0024781,A2,3.21234193578793,60,de
1071_0024782,A1,5.129204164587932,37,de
1071_0024783,A1,0.0,5,de
1071_0024784,A2,2.5425178807681426,34,de
1071_0024797,A1,2.6887720142613345,44,de
1071_0024798,A1,1.6938433481729054,37,de
1071_0024799,B1,3.0621035019143346,87,de
1071_0024800,A2,2.748605556152933,36,de
1071_0024801,A2,2.869680708308457,36,de
1071_0024802,A2+,2.5446724398358547,70,de
1071_0024803,A2,3.290064230735955,38,de
1071_0024804,A2,2.4053227947333204,38,de
1071_0024806,A2,3.993538930106767,55,de
1071_0024807,A2,3.7845635815082943,46,de
1071_0024808,A2,3.586499258981189,51,de
1071_0024809,A2,6.17057592450666,40,de
1071_0024810,A2,3.405140291836028,62,de
1071_0024811,A2,3.966898287933966,37,de
1071_0024812,A2,4.858124949306086,46,de
1071_0024813,A1,2.418709566498333,34,de
1071_0024814,A2,2.8301695038120167,45,de
1071_0024815,A1,5.022009792682291,52,de
1071_0024816,A2,3.104469515022505,36,de
1071_0024817,A2,2.109632084152605,30,de
1071_0024818,B1,2.6115152433971582,29,de
1071_0024819,A2,2.636393160613305,66,de
1071_0024820,A1,2.64,25,de
1071_0024821,A2,3.804202842022727,32,de
1071_0024822,A1,2.921102101195329,48,de
1071_0024823,A2,3.784826403409044,43,de
1071_0024824,A2,4.563912643929567,44,de
1071_0024825,A2,2.2421645278069566,42,de
1071_0024826,A2,3.9016679708132895,76,de
1071_0024827,A2,1.5308168795681265,26,de
1071_0024831,A1,2.6410789688721032,16,de
1071_0024833,A2+,2.7876766760348706,53,de
1071_0024834,B1,2.9850829122194904,69,de
1071_0024835,A2,2.8457572118519106,37,de
1071_0024836,A2+,2.785603364602839,67,de
1071_0024837,A1,2.373206895364967,31,de
1071_0024838,A1,2.5734086785528043,20,de
1071_0024840,A2,2.621186386984776,39,de
1071_0024841,A1,3.295607565837817,43,de
1071_0024843,A2,2.065018296682525,37,de
1071_0024844,A2,2.917685799843283,58,de
1071_0024845,A1,2.248056332687675,37,de
1071_0024846,A2,7.344880194001825,56,de
1071_0024847,A2+,2.6902270194672298,65,de
1071_0024848,A2,2.5730605147065586,55,de
1071_0024849,A1,2.0924482910677997,31,de
1071_0024850,A2,2.478527821140286,51,de
1071_0024851,A2+,2.7150565034266854,48,de
1071_0024852,A1,1.3698568388554655,22,de
1071_0024853,A2,2.9983135614057117,33,de
1071_0024854,A1,1.8967893554866089,34,de
1071_0024855,A2,1.559048843683532,54,de
1071_0024856,A2,2.6409730320256752,52,de
1071_0024857,A2,3.3922100708194507,67,de
1071_0024859,A2,3.4047688976570365,63,de
1071_0024860,A2,2.166822659394897,29,de
1071_0024861,A1,2.619421068080505,38,de
1071_0024862,A2+,4.125193598075371,62,de
1071_0024863,A2,2.8333964298056213,43,de
1071_0024864,A1,4.404198688172722,29,de
1071_0024865,B1,2.597137042069313,79,de
1071_0024866,B1+,3.3470255204623727,80,de
1071_0024867,B1,2.9545766639280213,62,de
1071_0024871,A2,2.922602163244208,60,de
1071_0024872,A2,3.519410460113443,66,de
1071_0024873,A2,3.574337713372208,37,de
1071_0024874,A2,2.893191587522941,43,de
1071_0024875,A2,2.3124439648246216,52,de
1071_0024876,A2,2.877511062217799,49,de
1071_0024877,A2,2.843681376051962,55,de
1071_0024878,B1,4.521562378397202,77,de
1071_0024879,A2,1.976550781475361,33,de
1071_0024881,B1,2.6709755261567314,63,de
1071_0241831,A2,4.573555133321752,64,de
1071_0241832,A2,3.241955707011189,63,de
1071_0241833,A2,4.353232010148215,48,de
1071_0242011,A2+,2.435547482175505,47,de
1071_0242012,A2+,3.2597388159292797,80,de
1071_0242013,A2,3.138572705086255,51,de
1071_0242021,A2,3.0888310228751465,56,de
1071_0242022,A1,2.6508115189957664,39,de
1071_0242023,A2,3.1294016544029337,43,de
1071_0242041,A2,3.026562622494863,47,de
1071_0242042,A2,3.121717477280179,41,de
1071_0242043,A1,2.7299731966696377,31,de
1071_0242071,A1,2.59882236503275,36,de
1071_0242072,A1,1.547952063258242,8,de
1071_0242073,A2,2.596681536250589,36,de
1071_0242091,A2,2.1514613078345057,30,de
1071_0242092,A1,1.8871000472308768,44,de
1071_0242093,A1,2.685050575048841,29,de
1071_0243501,A2,2.6875336818711704,47,de
1071_0243502,A2,1.532743629083487,34,de
1071_0243581,A2,3.206947542242286,46,de
1071_0243582,A2,4.164364464063199,50,de
1071_0243591,A2,2.20005698011676,46,de
1071_0243592,A2,2.484178342007516,54,de
1071_0243593,A2,2.524511432335343,61,de
1071_0243621,B1,2.5424935776085857,67,de
1071_0243622,A2,2.2098904327599005,38,de
1071_0243623,A2,2.4791775931460296,41,de
1071_0248301,A2+,2.251664591764501,43,de
1071_0248302,A2,3.9533932705057504,44,de
1071_0248303,A2,2.119912341461997,36,de
1071_0248304,A2,2.6350267698111094,32,de
1071_0248305,A1,3.6804912779661914,47,de
1071_0248307,B1,2.967325736753373,39,de
1071_0248308,A2,3.5334575204009893,35,de
1071_0248309,B1,2.9751346398489127,51,de
1071_0248310,A2,2.2915942693301767,36,de
1071_0248311,A2+,2.5882880306186054,43,de
1071_0248312,A2,7.243533423884972,48,de
1071_0248313,A2+,4.859384903219025,51,de
1071_0248314,A2,3.5593278899272915,60,de
1071_0248315,A1,11.632231005674052,27,de
1071_0248316,A2,10.492169574519515,60,de
1071_0248317,A1,4.868529852759781,26,de
1071_0248318,A1,5.727979100260776,11,de
1071_0248319,A1,3.869136724953613,38,de
1071_0248320,A1,8.700993699501897,14,de
1071_0248321,A2+,1.9588947686745803,41,de
1071_0248322,A2,3.45792805715178,60,de
1071_0248323,A2,3.1569425312492183,51,de
1071_0248324,A1,6.588590367751893,32,de
1071_0248325,A1,3.640959451142821,42,de
1071_0248326,A2,4.254279802211904,43,de
1071_0248327,A1,4.342359620212247,41,de
1071_0248328,A1,3.0943321707507523,33,de
1071_0248329,A2,2.965851980299453,49,de
1071_0248330,B1,3.385700840905195,55,de
1071_0248331,A2,3.450409970503534,46,de
1071_0248332,B1,3.947497139221168,69,de
1071_0248333,B1,4.968400381046423,58,de
1071_0248334,B1,3.0194429431457444,68,de
1071_0248335,A2,4.021287045995437,61,de
1071_0248336,A2,3.999300997365498,44,de
1071_0248337,A2+,3.323354836274408,58,de
1071_0248338,A2+,2.4288131959735617,44,de
1071_0248339,A2+,2.0725654277177625,44,de
1071_0248340,A1,1.2038713545973094,25,de
1071_0248341,A2,4.605771073926247,39,de
1071_0248342,A2,3.5852185994115766,41,de
1071_0248343,A2,3.76845179806013,41,de
1071_0248344,A2,3.5353766106204616,40,de
1071_0248345,A2+,3.952924442811839,77,de
1071_0248346,A2,5.221420421379122,36,de
1071_0248347,A2,2.609185946811451,33,de
1071_0248348,A2,3.2347588422378224,41,de
1071_0248349,A2,2.365574702775872,31,de
1071_0248350,A2+,5.8214446245402485,45,de
1091_0000001,A2,4.057603719846759,50,de
1091_0000002,B1,3.969190922896215,59,de
1091_0000003,B1,2.522542648780595,54,de
1091_0000004,A2,3.5197780281731346,39,de
1091_0000005,B1,3.3382870565705027,93,de
1091_0000006,A1,4.234696751487009,49,de
1091_0000007,B1,3.784541059847804,54,de
1091_0000008,B1,2.8392500115372874,54,de
1091_0000009,A1,5.874326545486972,35,de
1091_0000010,B1+,4.434697169681619,62,de
1091_0000011,B1,7.379224118360741,62,de
1091_0000012,A2,6.694397623252496,35,de
1091_0000013,A2,6.521449659067599,42,de
1091_0000014,A1,4.861819662271819,30,de
1091_0000015,A2+,3.2949834334277117,47,de
1091_0000016,A1,3.934499418876965,31,de
1091_0000017,B1,3.1146112272223,53,de
1091_0000018,B1,3.084554437312534,75,de
1091_0000019,A2,4.352250714313562,38,de
1091_0000020,A2+,4.489046631250815,71,de
1091_0000021,B1,4.149026120859723,65,de
1091_0000022,B2,3.5928255503058075,79,de
1091_0000023,A2,11.933384374232766,33,de
1091_0000024,A2,5.409908465171901,56,de
1091_0000025,A2,5.801128327143812,32,de
1091_0000026,A2,4.876265724852102,54,de
1091_0000027,B1,5.301748968656794,55,de
1091_0000028,A1,7.34091411311906,34,de
1091_0000029,A2,10.31973196567793,52,de
1091_0000030,A2,2.898074768459189,34,de
1091_0000031,A2,14.160217394294584,45,de
1091_0000032,B1,4.676844669065076,60,de
1091_0000033,A2+,4.483845674590008,77,de
1091_0000034,A2,6.347432333298134,34,de
1091_0000035,A2,6.516154174422634,51,de
1091_0000036,A2+,3.275865522275206,85,de
1091_0000037,A2,4.036562735749833,27,de
1091_0000038,A2,5.043934493526826,35,de
1091_0000039,A2,6.94256005135141,45,de
1091_0000041,A2,5.8006354072056565,36,de
1091_0000042,A1,4.635728060122257,32,de
1091_0000043,A2+,5.778959403639813,77,de
1091_0000044,A2+,5.452658060352354,63,de
1091_0000045,B1,5.237129712965421,69,de
1091_0000046,A2,5.595781580686037,71,de
1091_0000047,A2,5.140721730519166,50,de
1091_0000048,A2,4.5379077367294105,50,de
1091_0000049,A2,4.852622699888802,61,de
1091_0000050,A2,5.263197943608002,43,de
1091_0000051,A1,4.701425941078324,49,de
1091_0000052,A1,5.850837043094618,38,de
1091_0000053,A2+,3.956621758179532,55,de
1091_0000054,A2,2.918166845168921,70,de
1091_0000055,B1,3.272318254256592,90,de
1091_0000056,B1,3.5475884715918498,92,de
1091_0000057,A2,3.988561312733413,34,de
1091_0000058,B1,3.3364703512600355,59,de
1091_0000059,B1,5.540785419397908,60,de
1091_0000060,B1+,2.9748609785863995,76,de
1091_0000061,A2+,10.171249626348011,26,de
1091_0000062,A2,3.785078548061372,35,de
1091_0000063,A2,2.6618451163944394,47,de
1091_0000064,A2+,5.877084157283552,57,de
1091_0000065,B1,4.467653637270442,51,de
1091_0000066,A2,2.896240625180289,25,de
1091_0000067,B1,4.967558161171279,47,de
1091_0000068,B1,4.023437201154852,53,de
1091_0000069,A2+,5.190029179412254,43,de
1091_0000070,A2,3.913684026542288,57,de
1091_0000071,B1+,3.240207460319355,73,de
1091_0000072,B1,4.09580681494937,77,de
1091_0000073,A2+,3.6059299097762816,50,de
1091_0000074,B1,4.087181097539506,51,de
1091_0000075,B1,3.427288792918076,66,de
1091_0000076,B2,4.538306887006801,65,de
1091_0000077,A2,8.46024585218006,36,de
1091_0000078,A2,3.593603638641617,37,de
1091_0000079,B1,3.726453724294001,83,de
1091_0000086,A2,2.4303498613971293,48,de
1091_0000087,A2+,4.9113663550545885,85,de
1091_0000092,B1,3.883326467890485,79,de
1091_0000095,B1,3.737528138376723,49,de
1091_0000101,A2,3.955714176534298,61,de
1091_0000102,A2+,5.443145949201934,61,de
1091_0000113,B1,4.006800830171773,76,de
1091_0000114,B1,4.545109532824376,69,de
1091_0000116,B1+,3.4981438681125825,85,de
1091_0000123,B1,4.480562847936163,92,de
1091_0000125,B1,2.984507353587565,86,de
1091_0000126,B1,4.341037650478549,77,de
1091_0000127,A2+,3.674134928655182,66,de
1091_0000140,A2,5.747059280596103,28,de
1091_0000144,A2,4.295478400604129,35,de
1091_0000145,A2,5.658660976228915,40,de
1091_0000146,A2,11.283096139586972,40,de
1091_0000148,A2,6.63317790038256,50,de
1091_0000151,A2,7.37444906473692,33,de
1091_0000152,A2,4.285783463068031,54,de
1091_0000153,B1,4.948239839311246,111,de
1091_0000154,B1+,9.827579526660864,252,de
1091_0000155,B1+,4.743584397048226,175,de
1091_0000156,B1,5.021795039384802,108,de
1091_0000157,B1,5.1127766592836,139,de
1091_0000158,B1,4.571338430353576,101,de
1091_0000159,B1,5.084811297993363,105,de
1091_0000160,A2+,5.0535775688653,143,de
1091_0000161,B1,6.803058358109884,90,de
1091_0000162,A2+,4.295649690426415,122,de
1091_0000163,A2+,3.788915227814591,67,de
1091_0000164,A2+,3.4668663757304325,46,de
1091_0000165,A2,7.856999461312623,56,de
1091_0000166,B1,3.928893304707077,65,de
1091_0000167,B1+,3.4071801195645923,122,de
1091_0000168,B1+,3.3315653725202066,105,de
1091_0000169,A2+,4.1045851216209845,127,de
1091_0000170,B1,6.361321421097254,60,de
1091_0000171,B1,4.389158030387866,84,de
1091_0000172,B1,4.329635198908011,64,de
1091_0000173,B1,5.220187001635176,77,de
1091_0000174,A2,4.171157720948813,24,de
1091_0000185,A2,2.7367927863639574,39,de
1091_0000190,A2+,3.671578835371266,52,de
1091_0000191,B1,4.269325658814079,84,de
1091_0000192,A2,4.4883404214039135,81,de
1091_0000193,A2,3.3481911124728154,66,de
1091_0000194,B1,4.7333954311352615,94,de
1091_0000195,A2,3.3147197162027853,51,de
1091_0000196,B1,3.4933475400184344,73,de
1091_0000197,B1,4.979163748171899,105,de
1091_0000198,A2+,7.202873016536063,79,de
1091_0000199,B1,4.936328958389471,92,de
1091_0000200,A2+,2.9053924510772178,137,de
1091_0000201,A2+,2.1154102965298818,74,de
1091_0000202,B1,3.7152638452299183,97,de
1091_0000203,A2,5.475276042534342,78,de
1091_0000204,A2,3.9733109042986015,100,de
1091_0000205,B1,3.7196233193186217,95,de
1091_0000206,A2,3.248395750002925,74,de
1091_0000207,B1,2.750541624628358,116,de
1091_0000208,B1,4.186789078806921,95,de
1091_0000209,A2,4.833549812871927,99,de
1091_0000210,A2,4.227211702501833,87,de
1091_0000211,B1,2.554849848013698,88,de
1091_0000212,B1,4.724373789747678,87,de
1091_0000213,A2+,4.588792869990503,107,de
1091_0000214,A2,5.238664396945758,84,de
1091_0000215,B1,4.281414437734722,118,de
1091_0000216,B1,5.506356269242622,99,de
1091_0000217,A2,5.296485931688542,62,de
1091_0000218,A2,2.4050872175138185,59,de
1091_0000219,B1,2.2779117833074944,75,de
1091_0000220,B1,4.164900066519239,74,de
1091_0000221,A2+,3.761334499244258,69,de
1091_0000222,A2+,3.472389887085116,83,de
1091_0000223,B1,3.345151251302337,90,de
1091_0000224,A2,3.981311567079402,41,de
1091_0000225,A2,7.220726258052974,38,de
1091_0000226,A2+,2.9810402373315683,62,de
1091_0000227,A2+,2.68678464688411,58,de
1091_0000228,B1,4.57810213114471,66,de
1091_0000229,B1,3.722781000464684,93,de
1091_0000230,B1,2.632259323703935,104,de
1091_0000231,B1,4.353974508826189,96,de
1091_0000232,B1+,3.2492208915914977,70,de
1091_0000233,A2,2.9473216055249662,74,de
1091_0000234,B1,2.977962445613332,104,de
1091_0000235,A2+,2.9238156606895047,41,de
1091_0000236,A2+,3.12779353115565,77,de
1091_0000237,B1,2.899862546305778,97,de
1091_0000238,A2+,3.123932613277575,109,de
1091_0000239,B1,3.385668930604352,64,de
1091_0000240,A2,3.201689430625465,59,de
1091_0000241,A2,2.782353037684341,67,de
1091_0000242,B1,3.265269473840509,61,de
1091_0000243,A2,4.313181409706542,68,de
1091_0000244,B1,2.5956498882744468,62,de
1091_0000245,B1,2.945689452515494,66,de
1091_0000246,B1,3.6010492728257124,89,de
1091_0000247,B1,2.4392893294920728,74,de
1091_0000248,A2+,1.918101276949099,68,de
1091_0000249,B1,4.614141044623865,77,de
1091_0000250,A2+,4.058966387083796,73,de
1091_0000251,B1,2.9245601669736865,88,de
1091_0000252,B1+,2.53443584335582,76,de
1091_0000253,A1,2.6126610501924272,32,de
1091_0000254,A2,4.958370355085337,45,de
1091_0000255,A2+,5.089275942813094,68,de
1091_0000256,B1,3.69676274969705,65,de
1091_0000257,B1,7.172472568938074,90,de
1091_0000258,B1,5.104342909539414,86,de
1091_0000259,B1,2.756489503947736,108,de
1091_0000260,B1,3.8980901021947454,87,de
1091_0000261,B1+,3.4876177314836867,61,de
1091_0000262,A2+,2.2299311314226835,68,de
1091_0000263,B1,3.7346693353121,92,de
1091_0000264,A2+,3.1809228843637154,59,de
1091_0000265,A2+,4.1509023517004975,87,de
1091_0000266,B1,2.7290795085900488,88,de
1091_0000267,A2,2.094459088631925,85,de
1091_0000268,B1,2.4956432312713206,84,de
1091_0000269,B1,4.406974617810229,89,de
1091_0000270,A2,3.350251500841483,71,de
1091_0000271,A2,3.132471267003806,82,de
1091_0000272,A2,2.771997250130562,60,de
1091_0000273,B1,3.3990956758748028,66,de
1091_0000274,B1,3.0628604082202635,81,de
1091_0000275,A2+,4.018442203259154,81,de
1091_0000276,B1,5.920531785850924,69,de
1325_1001008,B1,5.173919084265241,208,it
1325_1001009,B1+,5.5214690037421,169,it
1325_1001010,B1,7.019461931851351,184,it
1325_1001011,B1,6.354559986202469,218,it
1325_1001012,B1,7.979868049170325,319,it
1325_1001013,B1,6.826986395350301,175,it
1325_1001014,B1+,5.040307161994295,172,it
1325_1001015,B1,4.768613124537511,200,it
1325_1001016,B1,5.334637830460718,189,it
1325_1001017,B1,3.778810676731409,163,it
1325_1001018,B1,7.279142788536327,231,it
1325_1001019,B1,6.825966625547348,180,it
1325_1001020,B1,4.629615653150274,154,it
1325_1001021,B1,6.966431468957637,198,it
1325_1001022,B1,5.459458478259378,164,it
1325_1001023,B1,3.893201860470356,166,it
1325_1001024,B1,7.975177129212767,180,it
1325_1001025,B1,6.177527050314293,210,it
1325_1001027,B1+,4.456123974828051,211,it
1325_1001028,B1,8.57339732011934,169,it
1325_1001029,B1,6.35528560368571,208,it
1325_1001032,B1,4.562618184180117,234,it
1325_1001033,B1+,7.582158996977579,170,it
1325_1001035,B1+,7.44116059124391,268,it
1325_1001036,B1,6.664024294325975,222,it
1325_1001037,B1,3.509741603288131,118,it
1325_1001039,B1+,7.748261616668899,269,it
1325_1001040,B1,6.722318281088175,200,it
1325_1001041,B1+,5.900384134544689,203,it
1325_1001042,B1,7.705636381303833,174,it
1325_1001043,B1,5.908575759676396,156,it
1325_1001044,B1,4.019560196224779,156,it
1325_1001045,B1,4.1443804318084,160,it
1325_1001046,B1,6.084285490186126,197,it
1325_1001047,B1,3.470165965286101,135,it
1325_1001048,B1,5.867243455249993,225,it
1325_1001050,B1,6.109130439570686,219,it
1325_1001051,B1,5.378735941221093,177,it
1325_1001052,B1,5.726068870232402,187,it
1325_1001053,A2+,4.477329203054136,123,it
1325_1001054,B1,5.730525163871912,145,it
1325_1001055,B1,5.263176128060992,269,it
1325_1001056,B1,6.118920715515942,249,it
1325_1001057,B1,6.302195820570829,151,it
1325_1001058,B1,5.904839562387203,202,it
1325_1001059,B1,4.672864898153484,206,it
1325_1001062,B1,9.264302194443747,282,it
1325_1001063,B1,4.986436623497315,155,it
1325_1001075,A2+,5.812191022802367,200,it
1325_1001076,B1,6.707528456760497,188,it
1325_1001077,B1,5.3692824604026645,155,it
1325_1001078,B1,5.162475978104143,183,it
1325_1001079,B1,6.7071660241997,176,it
1325_1001080,B1,5.776841138370933,180,it
1325_1001081,B1,5.618846649248265,215,it
1325_1001082,B1,8.06141627646592,174,it
1325_1001083,B1,3.5760646532073106,188,it
1325_1001084,B1,4.709709130226996,133,it
1325_1001085,B1,4.652191823442011,162,it
1325_1001086,B1,5.476730863478617,176,it
1325_1001087,B1,4.658658274329923,160,it
1325_1001088,B1,4.658776957275216,171,it
1325_1001089,B1,4.886535158798742,156,it
1325_1001090,B1,5.87173887079273,179,it
1325_1001091,B1,5.80818297625557,209,it
1325_1001092,B1,4.083352354833596,154,it
1325_1001093,B1,4.837727174221782,175,it
1325_1001094,B1,6.934236916634543,108,it
1325_1001095,B1,4.574263402340044,190,it
1325_1001096,B1,4.281269813719662,183,it
1325_1001097,A2,4.193789288027984,131,it
1325_1001098,B1,5.304194057103898,196,it
1325_1001099,B1+,7.948074849003928,198,it
1325_1001100,B1,5.470144764408747,232,it
1325_1001101,B1+,6.963019124057417,190,it
1325_1001107,B1,6.515620122064912,232,it
1325_1001108,B1+,6.874385767673865,224,it
1325_1001109,B1,4.126512142838194,134,it
1325_1001110,B1+,6.2881106389669,235,it
1325_1001111,B1+,7.798878158492269,266,it
1325_1001113,B1+,7.929655066976127,220,it
1325_1001119,B1,6.600656027408989,187,it
1325_1001120,B1+,5.474725710038009,218,it
1325_1001121,B1,5.339527107194585,207,it
1325_1001122,B1,5.1932357389839146,131,it
1325_1001123,B1,4.946969748804957,198,it
1325_1001124,B1,7.295795286049823,134,it
1325_1001125,B1,8.110055081625385,191,it
1325_1001126,B1,6.334948828193489,139,it
1325_1001127,B1+,6.165626987969466,170,it
1325_1001128,B1,5.410913838921204,179,it
1325_1001129,A2,6.959772662932267,157,it
1325_1001130,B1,5.614512586285027,153,it
1325_1001131,B1,5.988495588908164,180,it
1325_1001132,B1,6.604370473106487,225,it
1325_1001133,B1,4.977192480483615,191,it
1325_1001134,B1,6.383233949300087,223,it
1325_1001135,B1,5.5989266053868345,220,it
1325_1001136,B1,6.529514221206623,162,it
1325_1001137,A2,6.075816484013136,170,it
1325_1001138,B1,6.974707234299496,183,it
1325_1001139,B1,6.8989324800276,207,it
1325_1001141,A2+,5.969930840520092,221,it
1325_1001142,B1,7.032448073861217,221,it
1325_1001143,B1,8.94036955763137,218,it
1325_1001144,B1,6.42862010376124,148,it
1325_1001152,B1,7.964989291391999,206,it
1325_1001153,B1,5.189574240779406,175,it
1325_1001154,B1+,5.66460031003606,210,it
1325_1001155,B1,6.735217242609862,288,it
1325_1001156,B1,6.214849212591409,175,it
1325_1001157,B1,4.524898617593325,191,it
1325_1001158,B1,5.956782416348359,249,it
1325_1001159,B1,5.0578411164453225,200,it
1325_1001160,B1,6.771630171464683,251,it
1325_1001161,B1,7.077239359388769,247,it
1325_1001162,B1,4.70185070877876,196,it
1325_1001163,B1,5.819306941590457,177,it
1325_1001164,B1,5.127457115439781,194,it
1325_1001165,B1,7.279768705764381,154,it
1325_1001166,B1,4.5642087229740405,242,it
1325_1001167,B1,6.360090528552186,216,it
1325_1001168,B1,5.117195560659023,230,it
1325_1001169,B1,6.092838857512814,174,it
1325_1001170,B1,4.831425316874402,148,it
1325_9000059,B1,7.732438583839136,187,it
1325_9000087,B1,7.216041414589561,165,it
1325_9000088,B1,6.458070354626108,182,it
1325_9000089,B1,5.668420311798408,198,it
1325_9000090,B1,6.9887826498771775,195,it
1325_9000095,B1,6.791847248207596,193,it
1325_9000099,B1,7.117297539017753,220,it
1325_9000102,B1,7.155129769375097,215,it
1325_9000104,B1,8.179720312049962,190,it
1325_9000105,B1,5.276441651587758,157,it
1325_9000106,B1,5.254194900276811,186,it
1325_9000107,B1,7.566963247287761,191,it
1325_9000136,B1,8.656762070096077,287,it
1325_9000137,B1,5.481803774954067,200,it
1325_9000138,B1+,8.137014049334109,337,it
1325_9000139,B1,6.048301090659503,191,it
1325_9000140,B1+,6.896309661343453,244,it
1325_9000141,B1,6.343711423113269,216,it
1325_9000143,B1+,8.645046419090049,255,it
1325_9000144,B1+,6.314848534656631,186,it
1325_9000152,B1,6.853380448750467,200,it
1325_9000185,B1+,8.997727015900784,191,it
1325_9000186,B1+,8.476030549641358,208,it
1325_9000187,B1,5.3674488010214505,251,it
1325_9000188,B1,7.920980307719513,185,it
1325_9000209,B1,8.11711032637074,171,it
1325_9000210,A2+,3.579818826457225,201,it
1325_9000211,B1,6.298957249348049,195,it
1325_9000213,B1+,10.097522322548242,109,it
1325_9000214,B1,6.302773242011404,177,it
1325_9000215,B1+,5.061897893929246,227,it
1325_9000237,B1,7.458659978840089,219,it
1325_9000239,B1,7.071423932056174,176,it
1325_9000240,B1,6.938195745881813,197,it
1325_9000241,B1+,8.89984753096982,280,it
1325_9000278,B1+,5.781190051605734,207,it
1325_9000279,B1,7.117896221478307,258,it
1325_9000296,B1,6.284653088699813,239,it
1325_9000302,B1,5.066434411988813,204,it
1325_9000303,B1,6.983752403526196,162,it
1325_9000304,B1,6.7984548001726495,140,it
1325_9000314,B1,5.4658161536992615,142,it
1325_9000315,A2+,5.167043211890523,127,it
1325_9000316,B1,4.0732536123646845,278,it
1325_9000317,B1+,7.874442979759743,258,it
1325_9000318,B1+,5.092479977553831,186,it
1325_9000319,B1,5.193837073426265,185,it
1325_9000320,B1+,5.816769538724609,133,it
1325_9000321,B1+,5.03977099055946,220,it
1325_9000322,B1+,7.392707738826964,190,it
1325_9000323,B1,5.167539670570111,213,it
1325_9000503,B1+,8.716446763105074,246,it
1325_9000504,B1,6.356804809425355,187,it
1325_9000505,B1,6.853128289567676,243,it
1325_9000532,B1,6.89380784098367,225,it
1325_9000533,B1,5.46732845803976,168,it
1325_9000534,B1,5.483248573022914,245,it
1325_9000536,B1+,7.839004638772371,191,it
1325_9000554,B1,6.11159088174748,195,it
1325_9000601,B1,5.391793198292869,282,it
1325_9000602,B1+,8.089771238984602,212,it
1325_9000611,B1,8.985702927199807,257,it
1325_9000612,A2+,6.698022116940336,182,it
1325_9000674,B1+,5.91835115814315,221,it
1325_9000675,B1,5.80935109036167,213,it
1325_9000676,B1,5.83361962596127,163,it
1325_9000677,B1,5.895884009530353,164,it
1325_9000678,B1+,6.891564199839369,204,it
1325_9000684,B1+,7.437592443474254,176,it
1325_9000685,B1+,8.16903013286083,221,it
1325_9000686,B1,6.06633417129862,198,it
1325_9000700,B1,7.319995366721225,207,it
1325_9000750,B1+,5.432280381378822,245,it
1365_0100002,B1,6.058511317534439,81,it
1365_0100003,A2,2.67409358648175,85,it
1365_0100004,A2+,8.873319200766561,130,it
1365_0100005,A2+,4.4942021077765855,75,it
1365_0100006,B1,6.144272763834862,118,it
1365_0100007,A2,5.2115091237546105,55,it
1365_0100008,A2+,3.4409467705370598,101,it
1365_0100009,A2+,4.0821531466410494,72,it
1365_0100010,A2,5.601954217796973,61,it
1365_0100011,B1,5.113920497821426,88,it
1365_0100012,B1,6.332170492311067,80,it
1365_0100013,B1,7.798517437434411,165,it
1365_0100014,B1,3.497586131983941,75,it
1365_0100015,A2+,4.228511407757416,86,it
1365_0100016,B1,5.454473268542205,100,it
1365_0100017,B1,6.693265080426505,154,it
1365_0100018,A2+,6.5723759831849975,101,it
1365_0100019,A2+,7.44581716705258,83,it
1365_0100020,B1,4.907979802934059,169,it
1365_0100021,B1,9.123238348486934,106,it
1365_0100022,B1,5.954017606323934,141,it
1365_0100023,A2,5.510217774944238,115,it
1365_0100024,A2+,6.079856862505024,78,it
1365_0100026,A2,3.896416895251708,51,it
1365_0100027,B1,4.743436789976642,129,it
1365_0100028,B1,6.986322575904441,112,it
1365_0100029,A2,5.207402858474221,78,it
1365_0100030,A2+,5.066203146519621,87,it
1365_0100031,B1,3.31715138193855,86,it
1365_0100051,A2,4.4042226529233925,104,it
1365_0100056,B1,5.028598784821368,106,it
1365_0100057,B1,5.4812399971040575,219,it
1365_0100058,B1,5.3616521587895045,143,it
1365_0100061,B1+,5.221398916856334,140,it
1365_0100063,B1+,4.324141879781625,234,it
1365_0100064,B1,3.733759387006778,105,it
1365_0100065,A2,2.805755277047644,60,it
1365_0100066,A2,3.75065902451626,100,it
1365_0100067,A2+,3.8064309484809056,129,it
1365_0100069,B1,3.1050962562103663,116,it
1365_0100070,B1,4.158360216495795,118,it
1365_0100071,B1,3.7922814278730543,163,it
1365_0100072,B1,5.764320993714843,125,it
1365_0100073,B1,3.994204402510298,127,it
1365_0100074,A2+,5.148661651654637,194,it
1365_0100079,B1,5.275420002006753,96,it
1365_0100080,B1,5.914064533047704,120,it
1365_0100092,B1,4.276098771256804,135,it
1365_0100093,B1,3.244357129393564,65,it
1365_0100094,B1,4.4539169957140565,102,it
1365_0100095,B1,4.9473522600645765,82,it
1365_0100096,B1,4.501633132940433,131,it
1365_0100097,B1,3.7710401336068,75,it
1365_0100098,A2,2.7866699386029974,175,it
1365_0100099,A2+,4.874367846930916,126,it
1365_0100100,B1,9.087093032964212,192,it
1365_0100101,B1,4.967624764257738,142,it
1365_0100102,B1,4.690401342390254,148,it
1365_0100103,B1,7.914562747170911,171,it
1365_0100104,A2+,5.702943419030361,192,it
1365_0100105,B1+,7.000345769136994,116,it
1365_0100106,A2+,7.245555630096907,162,it
1365_0100107,B1,8.808792288508277,243,it
1365_0100116,B1,5.335495198992114,146,it
1365_0100117,B1,4.011427243067347,95,it
1365_0100118,B1,6.359495264348416,140,it
1365_0100119,B1+,4.718683232296844,196,it
1365_0100120,B1+,5.821559531183009,244,it
1365_0100121,B1,5.090545278131769,135,it
1365_0100123,B1,6.97302534314218,105,it
1365_0100125,B1,6.216806604299372,188,it
1365_0100133,B1,3.654696553808821,125,it
1365_0100134,B1,3.720072022010383,87,it
1365_0100135,B1,2.530475933077766,82,it
1365_0100136,B1,2.676982253278926,96,it
1365_0100137,B1,4.1800433575274125,89,it
1365_0100138,B1,4.198185842336264,61,it
1365_0100139,B1,2.9971112404440423,96,it
1365_0100145,B1,5.390640831093312,104,it
1365_0100146,B1,4.146383706905693,72,it
1365_0100147,B1,5.553419416347832,81,it
1365_0100148,B1,4.115878420657127,134,it
1365_0100151,A2+,4.575641384498807,56,it
1365_0100162,B1,5.369206337841846,218,it
1365_0100163,B1+,5.654963758566801,229,it
1365_0100164,B1,5.792291536699581,210,it
1365_0100165,B1+,4.575111525893012,133,it
1365_0100166,A2+,3.6439676326683785,96,it
1365_0100167,A2,2.966682085845009,145,it
1365_0100168,B1,3.682151706433361,75,it
1365_0100169,B1,3.430452525084079,112,it
1365_0100170,A2+,4.298404533311904,220,it
1365_0100171,A2+,4.114906527704522,105,it
1365_0100172,B1,5.995073279690612,94,it
1365_0100173,B1,3.097754582457961,77,it
1365_0100174,A2+,3.488803162372616,90,it
1365_0100175,B1,4.010734639166324,77,it
1365_0100176,B1,3.7321705021943417,108,it
1365_0100177,B1,2.7186294039488983,105,it
1365_0100178,B1,3.8674132764445934,96,it
1365_0100179,B1,4.570289837778821,107,it
1365_0100180,A2+,3.2472536299192383,78,it
1365_0100181,A2+,3.0624561012905733,95,it
1365_0100182,B1,4.651346005203352,165,it
1365_0100183,B1,3.224674205363991,140,it
1365_0100184,B1,4.876956154170759,116,it
1365_0100185,A2+,2.961903263898681,67,it
1365_0100186,B1,3.393416189827624,116,it
1365_0100187,B1,5.175929461484263,116,it
1365_0100188,B1,3.870968957152924,105,it
1365_0100190,B1,8.372082969083886,135,it
1365_0100191,A2+,5.945109117272552,162,it
1365_0100192,B1+,6.703384476356108,215,it
1365_0100194,B1,5.901265005062783,126,it
1365_0100195,A2+,5.7695504268776725,70,it
1365_0100196,A2+,5.975621234605296,131,it
1365_0100198,A2+,5.569844750334788,82,it
1365_0100199,B1,5.617772484804917,151,it
1365_0100200,B1,5.43063254311518,129,it
1365_0100201,B1,5.284783138257122,112,it
1365_0100202,A2+,5.1942489624015264,73,it
1365_0100203,B1,3.606016586498421,106,it
1365_0100204,B1,3.53192650575725,66,it
1365_0100205,B1,3.6378184203299946,67,it
1365_0100211,B1,4.559100557985396,186,it
1365_0100212,B1+,4.86108705565661,200,it
1365_0100213,B1,2.8759146101601725,71,it
1365_0100215,B1,4.040133544562883,82,it
1365_0100217,B1+,4.95676106496984,152,it
1365_0100218,B1,5.648163086681299,112,it
1365_0100219,B1,5.66971787845968,208,it
1365_0100220,B1,3.887938887011848,178,it
1365_0100221,B1,5.770515096786259,122,it
1365_0100222,B1,6.468425284993982,237,it
1365_0100223,B1,4.200028941104064,170,it
1365_0100224,B1,6.04922381989013,213,it
1365_0100225,B1,3.8339877580770954,134,it
1365_0100226,B1,3.32593735023028,118,it
1365_0100227,B1,3.664610288438255,188,it
1365_0100228,A2+,5.063736625805243,198,it
1365_0100229,B1,4.3416226386015,206,it
1365_0100230,B1,5.14141981585645,201,it
1365_0100231,B1,4.345593207103964,150,it
1365_0100232,B1,4.671206423933825,163,it
1365_0100233,B1,5.04613940103213,202,it
1365_0100251,B1,4.965353161855607,214,it
1365_0100252,B1,6.585244530683756,127,it
1365_0100253,A2+,4.756456894007547,93,it
1365_0100255,A2+,4.511854358729157,102,it
1365_0100256,B1,3.802693855603271,95,it
1365_0100257,B1,3.854186144707851,166,it
1365_0100258,B1,4.908268614379628,125,it
1365_0100259,B1,4.329761358845896,128,it
1365_0100260,B1,4.4416250517208224,97,it
1365_0100261,B1,4.237875069251785,93,it
1365_0100262,B1,4.358149115292132,156,it
1365_0100263,B1+,4.68912585638191,161,it
1365_0100265,B1,5.022605909515042,119,it
1365_0100266,B1,4.340332100526858,149,it
1365_0100267,B1,5.346538478078422,158,it
1365_0100268,A2+,4.965531868030656,98,it
1365_0100269,B1,5.021882623641875,102,it
1365_0100270,B1,3.741487532150584,177,it
1365_0100274,B1,5.2902238544983335,242,it
1365_0100275,B1,5.525319233182521,142,it
1365_0100276,B1+,4.401548323606868,220,it
1365_0100277,B1+,5.200298931300338,188,it
1365_0100278,B1,4.119735378394339,148,it
1365_0100279,B1,6.58234980904688,170,it
1365_0100280,A2,2.6131277700203253,114,it
1365_0100281,B1,3.446175458753188,142,it
1365_0100282,B1,4.048314388167806,146,it
1365_0100285,B1,3.9389649939358335,134,it
1365_0100286,A2,3.480659993981715,71,it
1365_0100287,B1,3.409962281308623,101,it
1365_0100288,B1,4.284504439747785,79,it
1365_0100289,B1,4.322131133642968,114,it
1365_0100290,B1,3.82709785357418,143,it
1365_0100299,B1,4.155330345677951,116,it
1365_0100447,B1,5.305087317659082,126,it
1365_0100448,A2,3.543052719744682,180,it
1365_0100451,B1,4.840088146039779,177,it
1365_0100455,B1,4.521322042784586,207,it
1365_0100456,B1,4.008295344160811,182,it
1365_0100457,B1,5.970253132701546,172,it
1365_0100458,B1,4.869216116501134,139,it
1365_0100459,B1,5.221796656644685,188,it
1365_0100461,B1,5.370816692874396,177,it
1365_0100469,B1,4.792660613743974,134,it
1365_0100470,B1,4.78925646701126,202,it
1365_0100471,A2+,4.892350658322687,281,it
1365_0100472,B1,4.787945965011192,131,it
1365_0100473,B1,4.549030372798479,160,it
1365_0100474,B1,5.12707059356732,185,it
1365_0100475,B1,3.749972629275684,260,it
1365_0100476,B1,5.5972532830289845,184,it
1365_0100477,A2+,5.149152107495033,194,it
1365_0100478,B1,4.428586704535517,151,it
1365_0100479,B1,4.350125532125985,154,it
1365_0100480,B1,4.501887539674604,192,it
1365_0100481,B1,3.6287207103776855,191,it
1365_0100482,B1,4.567659940990667,165,it
1385_0000011,A1,2.4620862706242392,39,it
1385_0000012,A2,3.330846644480882,43,it
1385_0000013,A1,4.275399265542529,18,it
1385_0000016,A2,3.633200821770117,41,it
1385_0000017,A2,1.832911708926512,41,it
1385_0000020,A2,2.169887846717756,45,it
1385_0000021,A2,2.4611218045163006,44,it
1385_0000022,A2,4.296758180926252,65,it
1385_0000023,A2,4.807375131609989,43,it
1385_0000033,A2,3.182298345891493,68,it
1385_0000034,A2,3.033790250722005,48,it
1385_0000035,A2,2.9251182544600933,82,it
1385_0000036,A2,4.217053244348992,66,it
1385_0000037,A2,5.1040909581150125,40,it
1385_0000038,A2,3.434961078110404,51,it
1385_0000039,A2,3.033274172412141,46,it
1385_0000040,A2,3.648816778773418,45,it
1385_0000041,A2,1.972292288742116,47,it
1385_0000042,A2,3.1231591108668506,48,it
1385_0000043,A2,4.685252802789137,48,it
1385_0000044,A2+,2.9032895604867965,65,it
1385_0000045,A2+,4.178282909406664,52,it
1385_0000047,A2,2.999684060933717,74,it
1385_0000048,A2,3.444769122280593,53,it
1385_0000049,A2,2.5329320581890165,41,it
1385_0000050,A2,3.918986579802595,48,it
1385_0000051,A2+,3.6939979962366456,77,it
1385_0000052,A2,4.226842045269099,56,it
1385_0000053,A2,5.376779261317767,62,it
1385_0000054,A2+,4.101038672002796,55,it
1385_0000057,A2,2.271090417108228,54,it
1385_0000058,A2,3.2622381980867905,50,it
1385_0000059,A2,3.790122160329522,65,it
1385_0000095,A2,3.3259688253435504,24,it
1385_0000097,A2,4.638798402148931,49,it
1385_0000098,A2,3.623009152241337,43,it
1385_0000099,A2,3.0554995361999997,42,it
1385_0000100,A2,3.227377596186745,40,it
1385_0000101,A2,5.116965832811909,45,it
1385_0000102,A2,3.3548167768684274,69,it
1385_0000103,A2,2.511422698852611,44,it
1385_0000104,A2,4.290814544629555,48,it
1385_0000114,A2+,3.8159177821793935,73,it
1385_0000119,A2,3.596065747796221,44,it
1385_0000120,A1,2.892124438257557,29,it
1385_0000122,A2,2.5936307145724817,50,it
1385_0000123,A2,3.203734259808668,54,it
1385_0000124,A2,3.4703710802252608,59,it
1385_0000125,A2,3.1657487282803864,67,it
1385_0000126,A2,5.006001900186521,46,it
1385_0000127,A2,1.917329294692752,60,it
1385_0000128,A2,3.801749364331468,70,it
1385_0000129,A2,3.614981823091537,71,it
1385_0000130,A2,3.745716593531513,48,it
1385_0001103,A2,2.2522662339505413,39,it
1385_0001104,A2,1.5165759320317704,31,it
1385_0001105,A2,4.139221348523721,41,it
1385_0001107,A2,3.733050649273464,56,it
1385_0001108,A2,3.2561359383157704,50,it
1385_0001109,A2,2.269423259501427,50,it
1385_0001110,A2,3.575385754684893,46,it
1385_0001111,A2+,2.1983652652120464,49,it
1385_0001112,A2,3.290097630976084,63,it
1385_0001113,A2,2.3300420401194333,42,it
1385_0001118,A2,3.009089173313709,46,it
1385_0001119,A2,3.221354022927047,45,it
1385_0001120,A2,4.704843208688256,42,it
1385_0001121,A2,2.8304349968154194,65,it
1385_0001122,A2,4.006453800118927,49,it
1385_0001123,A2,2.196141040675937,49,it
1385_0001124,A2,2.7390236195193984,36,it
1385_0001125,A2,2.8191144432941564,48,it
1385_0001126,A1,4.871952022698673,29,it
1385_0001127,A2,4.16824415641871,79,it
1385_0001128,A1,4.966153489255725,60,it
1385_0001129,A2,3.0489596820577383,54,it
1385_0001130,A2,2.644412295359205,32,it
1385_0001131,A2,3.9176244758463263,46,it
1385_0001132,A2,3.122655567896191,38,it
1385_0001133,A2,4.035038121891065,59,it
1385_0001134,A2,3.594034514209228,48,it
1385_0001135,A2,3.9498981278476224,66,it
1385_0001136,A2,5.370433735712951,40,it
1385_0001137,A2,3.491978299917836,53,it
1385_0001138,A2,3.3555796894704177,48,it
1385_0001147,A2,3.178539865822409,67,it
1385_0001148,A2,2.639107744996969,63,it
1385_0001149,A2+,2.6527302820933887,62,it
1385_0001150,A2,3.901796675922687,41,it
1385_0001151,A2+,3.707998430016373,72,it
1385_0001152,A2+,2.9470558748982665,71,it
1385_0001153,B1,4.102411682561417,67,it
1385_0001154,A2,3.1464976662043957,42,it
1385_0001155,A2,2.369148317031388,38,it
1385_0001156,A2,2.385988798204748,42,it
1385_0001157,A2,3.0273138159671222,55,it
1385_0001158,A2,1.8029269695375532,54,it
1385_0001159,A2,1.947643081286489,66,it
1385_0001160,A2,3.8024001725333454,80,it
1385_0001161,A2,3.776975822388355,49,it
1385_0001162,A2,3.30721729593053,50,it
1385_0001163,A2,2.7888108611203704,78,it
1385_0001164,A2,3.527542641219873,66,it
1385_0001165,A2+,3.9691416441791754,66,it
1385_0001166,A2,3.129728115711242,62,it
1385_0001167,A2,3.437058894342105,63,it
1385_0001169,A2,2.225997907313072,43,it
1385_0001170,A2,1.91253674612088,31,it
1385_0001171,A2,2.518158585189409,33,it
1385_0001172,A2,2.694373000787394,42,it
1385_0001173,A1,1.4690615743144595,33,it
1385_0001174,A2,2.2111668825550286,37,it
1385_0001175,A2,2.022189985020514,40,it
1385_0001178,A1,2.7356851870363035,38,it
1385_0001188,A2,2.422939671797572,57,it
1385_0001189,A2,3.1496837122342565,52,it
1385_0001190,A2,4.354776577450456,57,it
1385_0001191,A2+,3.5992381519953085,50,it
1385_0001192,A2,2.5266779344542782,67,it
1385_0001193,B1,2.931541261688253,62,it
1385_0001194,A2+,2.5905985134511704,50,it
1385_0001195,A2,4.011204979494816,78,it
1385_0001196,A2,2.7766975647616308,62,it
1385_0001197,A2,3.562151121979872,47,it
1385_0001198,B1,3.4913810862101493,77,it
1385_0001199,A2,3.606947843785863,63,it
1385_0001501,A2,3.1744510919051456,37,it
1385_0001503,A2+,3.3523233611322314,44,it
1385_0001522,A2,1.9299058146827328,42,it
1385_0001523,A2+,4.176495905327454,81,it
1385_0001524,A2,3.472037657364045,64,it
1385_0001525,A2+,4.580407725287899,88,it
1385_0001526,A1,1.647877059791622,41,it
1385_0001527,A2,4.510849029180919,49,it
1385_0001528,A2+,3.9586054085682703,86,it
1385_0001712,A2,3.5200695268384696,97,it
1385_0001714,A2,2.907268912281576,42,it
1385_0001715,A2,3.428787649616297,59,it
1385_0001716,A2+,3.6368344825742582,49,it
1385_0001717,B1,3.7709848180663856,80,it
1385_0001718,A2,4.171601487180533,43,it
1385_0001719,A2,4.007880617806957,47,it
1385_0001720,A1,2.680412499829722,40,it
1385_0001723,A1,4.478011609813841,41,it
1385_0001724,B1,4.657261442987139,82,it
1385_0001725,A2,5.347377638729941,42,it
1385_0001726,A2,2.5675459908791955,67,it
1385_0001727,A1,4.718036098326172,51,it
1385_0001728,A2,6.074830537995942,93,it
1385_0001729,A2+,3.994583304166604,68,it
1385_0001730,B1,3.650864601011636,71,it
1385_0001732,A2,2.82636421856279,64,it
1385_0001733,A2,3.082725443274216,62,it
1385_0001734,A2,2.2330760611254874,57,it
1385_0001736,B1,3.7715944247408806,113,it
1385_0001737,A2,3.0112783104684926,66,it
1385_0001738,A1,4.145582301906386,34,it
1385_0001739,A2,3.4157158207721894,84,it
1385_0001740,A2+,2.8880906738660417,67,it
1385_0001741,A1,2.3391857474260047,36,it
1385_0001742,A1,3.22332378043489,30,it
1385_0001744,A1,3.074831646254151,54,it
1385_0001746,A2,4.304755615899486,61,it
1385_0001747,A2,2.1698373152979538,58,it
1385_0001748,A2+,4.409492353476827,83,it
1385_0001749,A2,2.269681074023136,45,it
1385_0001750,A1,3.3702569783910485,30,it
1385_0001751,A2,2.824935497384095,71,it
1385_0001752,A2,2.5215344464192557,64,it
1385_0001753,A2,3.89370494430187,65,it
1385_0001754,A2,1.9258011158078625,59,it
1385_0001756,A2,2.4260956341237847,43,it
1385_0001757,B1,2.8435024069638843,44,it
1385_0001758,A2,4.839410624646841,36,it
1385_0001759,A2,3.159382578672372,51,it
1385_0001760,A2,4.548410177199031,38,it
1385_0001761,A2,2.1190994908662635,37,it
1385_0001762,A2,4.018319999414264,54,it
1385_0001763,A1,3.3757387989925585,74,it
1385_0001764,A2,2.617564081821385,69,it
1385_0001765,A1,2.455883516606444,26,it
1385_0001766,A2+,5.496602983193908,86,it
1385_0001767,A2,2.533293590878275,74,it
1385_0001768,A2,3.6799847989624106,69,it
1385_0001771,A2,3.148415744470012,46,it
1385_0001772,A2,5.3296427520117895,52,it
1385_0001773,A2,3.141623983492123,38,it
1385_0001774,A1,2.3857982899178896,36,it
1385_0001775,A2,3.117692252715954,72,it
1385_0001785,A2,3.708068235569404,50,it
1385_0001786,A2+,2.223202179409787,57,it
1385_0001787,A2,2.650757666007898,38,it
1385_0001788,A2,4.127427563712738,60,it
1385_0001789,A2+,3.180137454623462,42,it
1385_0001790,A2+,3.0737575844992446,54,it
1385_0001791,A2,5.544672108758061,56,it
1385_0001792,A2,4.106659691735271,78,it
1385_0001793,A2,3.0838329430752456,76,it
1385_0001794,A2,2.955494298629912,60,it
1385_0001795,A2,2.979409286085166,32,it
1385_0001796,A2+,5.4758800722558485,60,it
1385_0001798,A2,3.309723637767974,57,it
1385_0001799,A2,3.8038860636337546,80,it
1385_0001800,A2,3.2719778222849683,79,it
1395_0000333,A2,4.014671942191302,81,it
1395_0000337,A1,14.331181298274982,48,it
1395_0000338,A2,3.718471961861779,86,it
1395_0000340,A2,3.5734015044355245,92,it
1395_0000341,A2,5.632971063104577,61,it
1395_0000353,A2,3.360743347890325,52,it
1395_0000354,A2,3.4443495595468487,63,it
1395_0000355,A2,4.4123548373252985,95,it
1395_0000356,A2,3.61519080494246,49,it
1395_0000357,B1,4.825725611927052,131,it
1395_0000359,A2+,3.4642233424460334,94,it
1395_0000360,B1,2.7731498706436035,77,it
1395_0000361,A2+,5.143750736675089,86,it
1395_0000364,A2,4.087855651455857,73,it
1395_0000365,B1,4.231640234916045,92,it
1395_0000366,B1,4.6391932169457535,80,it
1395_0000368,A1,4.189879980685083,40,it
1395_0000369,B1,4.103109026865525,85,it
1395_0000376,B1,3.095346238268047,103,it
1395_0000378,A2,4.143918480415769,59,it
1395_0000379,A2,3.481854897554141,75,it
1395_0000380,A2+,3.730393345905394,92,it
1395_0000383,A2+,3.295297718316708,74,it
1395_0000387,B1+,4.353873907383926,121,it
1395_0000388,B1,2.9758630620276065,98,it
1395_0000389,A1,2.0592114289715586,36,it
1395_0000390,A2,3.079619874693498,34,it
1395_0000391,B1,3.6961305273666394,116,it
1395_0000392,A2+,3.65659798211806,75,it
1395_0000396,A2,3.268011038028901,72,it
1395_0000398,B1,3.0572090639177723,99,it
1395_0000399,A2,3.402453194284827,70,it
1395_0000402,A2,4.650069915922642,77,it
1395_0000403,A2+,4.8515039847987245,72,it
1395_0000404,A2+,4.193987928219951,98,it
1395_0000409,B1,3.402787968779837,98,it
1395_0000413,A2,5.386435788626697,95,it
1395_0000414,A2,3.83235982171998,105,it
1395_0000415,A2,3.9628170262776807,62,it
1395_0000432,A2+,3.677222740697177,79,it
1395_0000438,B1,4.874295533463383,120,it
1395_0000443,B1,4.580233726432728,89,it
1395_0000446,B1,4.271079929890461,112,it
1395_0000447,A2,5.046758060004542,97,it
1395_0000448,A2,2.9796582449079767,87,it
1395_0000449,B1,2.6591309633827,70,it
1395_0000450,A2,3.439647094011419,63,it
1395_0000451,A2,3.394629059852982,95,it
1395_0000452,A2,2.384664531092888,52,it
1395_0000454,A2+,2.942969224023232,78,it
1395_0000455,A2,3.13081891057132,54,it
1395_0000458,A2,1.9423019224411169,69,it
1395_0000460,A2,2.646018576410784,52,it
1395_0000462,B1,2.321073990628906,62,it
1395_0000465,A2,4.7019771257746825,65,it
1395_0000469,A2,3.948831514738153,62,it
1395_0000470,A2,3.442650593469954,65,it
1395_0000471,A2,3.25308546657753,78,it
1395_0000499,A2,4.135580660246927,80,it
1395_0000500,A2,5.660040429814322,49,it
1395_0000504,A2,4.655432295838197,60,it
1395_0000512,A2+,5.700931115884059,91,it
1395_0000513,B1,3.598020890193444,78,it
1395_0000514,B1,4.260077083366751,80,it
1395_0000515,B1,6.08802234297814,100,it
1395_0000516,A2,3.2912440019403024,46,it
1395_0000518,B1,3.409880636276476,86,it
1395_0000525,B1,4.1434584169522015,66,it
1395_0000526,A2,2.8861068644025765,51,it
1395_0000527,A2,3.224273974897666,47,it
1395_0000528,B1,3.415882861268541,63,it
1395_0000529,A2+,3.3911191751532237,58,it
1395_0000531,A2+,4.088654585387107,124,it
1395_0000533,B1,3.244539583332613,107,it
1395_0000534,A2,4.7838752207339645,129,it
1395_0000535,A2,3.868206744690164,56,it
1395_0000537,A2,3.7130774150925294,88,it
1395_0000547,A2+,3.6277920712866014,91,it
1395_0000548,A2,3.697067291996959,102,it
1395_0000549,A2,4.345269116235705,99,it
1395_0000550,A2,2.818770114300095,114,it
1395_0000551,B1,2.4257342985777006,101,it
1395_0000552,A2+,3.5772006941318586,94,it
1395_0000553,A2,4.44367106997591,79,it
1395_0000554,A2+,3.810276586139401,99,it
1395_0000555,A2,2.8673894324996487,57,it
1395_0000556,A2,3.732902092284147,82,it
1395_0000557,B1,3.29225991421471,81,it
1395_0000559,A2,2.2995115688296224,90,it
1395_0000560,A2+,3.862341518514989,106,it
1395_0000563,A2,4.223052868174803,96,it
1395_0000564,A2,2.5214806778288144,111,it
1395_0000565,A2,2.183121572668473,91,it
1395_0000572,A2,6.367700558389577,55,it
1395_0000575,A2,5.497847101633377,69,it
1395_0000579,A2,4.92785017356075,68,it
1395_0000581,A2,6.803338761657296,132,it
1395_0000582,A1,3.0356059985074526,63,it
1395_0000583,A2,4.844611375004006,121,it
1395_0000584,A1,6.5996788906523545,65,it
1395_0000585,A2,5.282583688406601,89,it
1395_0000587,A1,5.5775561876925295,53,it
1395_0000591,A1,5.851104885082746,46,it
1395_0000593,A2,3.894473144897231,105,it
1395_0000595,A1,3.4118037266544925,46,it
1395_0000596,B1,3.461355913257347,81,it
1395_0000597,A2,4.929734443388593,101,it
1395_0000598,A2,3.09748785617182,85,it
1395_0000599,A2,4.969062490854595,47,it
1395_0000602,A2,5.469515243428201,63,it
1395_0000604,A2,5.029565163991245,55,it
1395_0000606,A2,5.408254953502345,62,it
1395_0000607,A2,11.918112555211003,59,it
1395_0000608,A2,4.602076400312127,77,it
1395_0000609,A2,5.042428413936312,66,it
1395_0000610,A2+,5.760858835428354,69,it
1395_0000611,A2,4.732584920968697,71,it
1395_0000612,A2,4.643616456170034,92,it
1395_0000626,B1,4.291237747714329,133,it
1395_0000627,A2,2.5324869816592965,67,it
1395_0000628,A2,3.611588056789084,100,it
1395_0000630,A2,1.9528080457933303,73,it
1395_0000631,A2,3.658090875893522,84,it
1395_0000635,A2,3.318784118632883,62,it
1395_0000636,A2,3.656294990940677,56,it
1395_0000639,A2,3.963557800906286,89,it
1395_0000642,A2,4.221137256582294,78,it
1395_0000644,A2+,4.996208908354898,108,it
1395_0000646,A2,5.19043974706309,69,it
1395_0000649,B1,4.974243957360383,102,it
1395_0001010,B1,4.352706514382553,84,it
1395_0001013,A2+,4.837256244529536,69,it
1395_0001015,A2,3.313044420180274,112,it
1395_0001016,B1,2.3896387245924204,72,it
1395_0001017,A2,2.6278726354121007,109,it
1395_0001019,A2,2.615092065122606,70,it
1395_0001020,A2,3.490713804464021,80,it
1395_0001021,A2+,3.814250219470249,81,it
1395_0001022,A2+,3.0682324634109466,92,it
1395_0001023,A2,3.961487399667529,101,it
1395_0001024,A2,3.9846285315474455,79,it
1395_0001028,A2+,3.5124818592338958,115,it
1395_0001033,A2+,3.2203920524882275,78,it
1395_0001034,A2,5.038563522579055,61,it
1395_0001040,A2,2.9837567114909445,46,it
1395_0001045,A2+,4.928544602798525,69,it
1395_0001058,A2+,4.44274803998012,59,it
1395_0001060,B1,3.2083688199962808,104,it
1395_0001061,B1,3.9224578692541465,141,it
1395_0001064,A2,3.9158982423454063,64,it
1395_0001065,A2,2.667525847910244,75,it
1395_0001066,A2,4.0403329457791735,87,it
1395_0001067,A2,2.1330989143720744,68,it
1395_0001068,A2,2.990339393992556,89,it
1395_0001069,A2+,2.438427096030778,72,it
1395_0001070,B1,5.095221018057855,122,it
1395_0001071,A2,2.8423852586793914,39,it
1395_0001073,B1,4.201207726650781,93,it
1395_0001074,A2,3.0364923442361973,93,it
1395_0001075,A2,3.3396808243623104,105,it
1395_0001076,A2,3.1772227177751584,131,it
1395_0001078,A2,4.426528281254976,82,it
1395_0001080,A2,5.3974683474439855,80,it
1395_0001084,A2,2.162541651628381,70,it
1395_0001090,B1,4.040463576644036,93,it
1395_0001093,A2,4.0915392270524205,90,it
1395_0001101,A2,4.588023856585856,79,it
1395_0001103,A2,3.649786988412982,98,it
1395_0001104,A2,3.4584562700742354,70,it
1395_0001108,A2,3.5363508915364834,66,it
1395_0001109,A2,3.934608327632197,77,it
1395_0001114,A2,3.5417599195717333,103,it
1395_0001115,B1,4.22619581587634,78,it
1395_0001116,A2+,2.8208696376096096,72,it
1395_0001117,A2,3.660907642392016,89,it
1395_0001118,A2,2.680890352166605,66,it
1395_0001119,B1,3.689968007870137,142,it
1395_0001120,A2,2.84494238747838,76,it
1395_0001121,A1,2.5438013434313658,71,it
1395_0001122,A2,3.265439617314001,68,it
1395_0001123,A2,3.0055866226918044,69,it
1395_0001124,A2,3.5619441579675097,44,it
1395_0001126,A2,3.767876002613,57,it
1395_0001131,A2,2.8746294745657086,52,it
1395_0001132,B1,4.72264902599614,100,it
1395_0001133,A2,2.870033066417568,86,it
1395_0001141,A2,3.19875927794724,73,it
1395_0001145,B1,4.91916623571998,148,it
1395_0001146,A1,5.248941644595622,41,it
1395_0001147,A2,3.659831056962624,106,it
1395_0001149,A2,5.4664398862374215,83,it
1395_0001150,A2,4.161253333292051,58,it
1395_0001158,B1,5.388864485888638,82,it
1395_0001160,B1,4.477552900738932,81,it
1395_0001161,A2,2.3886345842766783,91,it
1395_0001164,B1,4.88501173453241,120,it
1395_0001167,A2+,3.640285822884306,104,it
1395_0001169,A2,3.1299711701434987,76,it
1395_0001170,A2,5.295173390918751,101,it
1395_0001171,A2,5.558071947363747,73,it
